path,size_bytes,sha256,checksum_algorithm
"00_forensic/current_cluster_sample_metrics.csv",15796,"32164b97a22f7a6739aab5ef632cf9c8057ef2230975d2f619acd8aa4f1a7ccc","SHA-256"
"00_forensic/current_pc_sample_association.csv",9955,"97e6e8fb061a80e28f0fbc14dd41ed246a71692ac9913bcf56ee5606768397f8","SHA-256"
"00_forensic/current_result_sha256.csv",17582,"041ea9d304041f6538a794c0e9192b84e15353e9953dbaa509b09c43e4c6d53f","SHA-256"
"00_forensic/current_result_snapshot.md",1386,"9f822e0e69f3e018b1f69658a68f706073e3740fb9405f2a16882bb5d67eb8c1","SHA-256"
"00_forensic/object_inventory.csv",1495,"088f854f769012545ba66211a3d13124204c3884c2b34be5087a7223a0981e9a","SHA-256"
"final_diagnostic_report.md",13562,"2236dee687c5343eb4c58648b884fb32d0330c271788acd516a56faa16dd354c","SHA-256"
"GSE147082/01_mt_audit/feature_metadata_columns.csv",85,"eb07ac736f0e449d165c8e15cf450b94dbae682eed68a8132532060af7e3bd18","SHA-256"
"GSE147082/01_mt_audit/feature_name_head_100.txt",720,"514faecdf9c0c457b600612b34f4752b997fcf387fe914c8c6a48628f101192e","SHA-256"
"GSE147082/01_mt_audit/feature_name_pattern_audit.csv",661,"40620bea7b9cb778f677ce96953a7042942795796d855ae03be903958e27f13b","SHA-256"
"GSE147082/01_mt_audit/feature_name_tail_100.txt",1138,"c7b0226122ef137cd2686970ab47fd78fe09ee4cd7736da49bcf9f8964eab728","SHA-256"
"GSE147082/01_mt_audit/hemoglobin_features_used.csv",392,"4ee86e9fd1b65912dc94b296dd2819a9941ac53a6b8a1a094b54356750b30900","SHA-256"
"GSE147082/01_mt_audit/mt_feature_detection.csv",453,"770a153c75a619c2b9bda168b405d5b13939eed055f05dc8a527568c59d0a592","SHA-256"
"GSE147082/01_mt_audit/mt_features_used.csv",1854,"4f8ef0b494feb2f05476c9f403cac1770a9805554028fbd30cf9e34ffe76f85d","SHA-256"
"GSE147082/01_mt_audit/mt_qc_decision.md",666,"8151f75a287f5112788a0602549ca2c27b262e58e2c29b9f94aca8d2f81df7df","SHA-256"
"GSE147082/01_mt_audit/percent_mt_by_sample.pdf",50551,"1b3627848f75b65313b52356bae43fbcb92b3afc68932afe04037a8a9ea8afcf","SHA-256"
"GSE147082/01_mt_audit/percent_mt_by_sample.png",36956,"5831a5c27bd1b5d0358b5db9e36eb56aea447e7d1b8567043f2f22547ca5b50b","SHA-256"
"GSE147082/01_mt_audit/percent_mt_distribution.pdf",4963,"5872269b5d5e5a4a1430f4d0e458b675d3a3a7d1b04232daaf2a241981ee622a","SHA-256"
"GSE147082/01_mt_audit/percent_mt_distribution.png",20469,"4966c573a7865c87a003e4491521ad0adb093321214e65d248fd9e1a71dccf10","SHA-256"
"GSE147082/01_mt_audit/qc_cell_retention_repaired.csv",224,"9e63d1703574f68f65ced5e282f874fd75a78f66247631d7c28a36ee5d6c6326","SHA-256"
"GSE147082/01_mt_audit/qc_metric_before_after.csv",830,"47bc9e570039c81e6cddd22561ec70abc0a3acb6f1754cf0ca7f5e37c76c7ae9","SHA-256"
"GSE147082/01_mt_audit/qc_thresholds_repaired.csv",402,"9c22bafc5443a287101df9da05d1256951c14128209562b6f6c250c28943e4dd","SHA-256"
"GSE147082/01_mt_audit/ribosomal_features_used.csv",44671,"f002504a8a0416ea4913d3d1c48f294b265d47ea7d4a431a15aca3d5da4c58e1","SHA-256"
"GSE147082/01_mt_audit/source_file_feature_pattern_audit.csv",1020,"4ac8802a179abc85849df47081994727159c1710aa9b549a0b1e9fd751d0ee6b","SHA-256"
"GSE154600/02_dominance/cluster_dominance_diagnostic_table.csv",23256,"2d23b63089a3f84635c13bd8cd1f972a72091f65d4028c8eda8bba16d0e05b1f","SHA-256"
"GSE154600/02_dominance/cluster_sample_entropy.pdf",5462,"6a6c8a6c7bb4e6ebdd3238926c2e0d1ebc2b7d89f28c12e44df45f7a81113ca6","SHA-256"
"GSE154600/02_dominance/cluster_sample_entropy.png",32926,"8f5008c9f75275af7f3a5261e54725a81df86c2c574cd17a39ce186016ccdca0","SHA-256"
"GSE154600/02_dominance/cluster_sample_fraction_heatmap.pdf",7475,"2fa1798baf347e3af0cda45f3995d37be882ef5656043dd40b2120c5113fc3f4","SHA-256"
"GSE154600/02_dominance/cluster_sample_fraction_heatmap.png",39653,"43ec24d30949bff41dd0151661c956c35d0caaa46a954685fa9c5af284c7b25d","SHA-256"
"GSE154600/02_dominance/PC_sample_association.pdf",6504,"0dc7109d1e929b875fd1ee8ca4a69090b0cd26c2014977d17b9126d99be69c47","SHA-256"
"GSE154600/02_dominance/PC_sample_association.png",23315,"2b97566b3036a09aea87a99e726780177853edc0623779f27fc7a1169d1b4a28","SHA-256"
"GSE154600/02_dominance/plot_generation_status.csv",106,"b63e71d3e158dee4f5634224de43ef9feff61e71b4804c2bf7de5716a08df514","SHA-256"
"GSE154600/02_dominance/UMAP_by_cluster.pdf",1738438,"a51c16cbc1db6b74a0843e46bf280cb4f2f34f4133b2a0b9a0fdd3782fe1c063","SHA-256"
"GSE154600/02_dominance/UMAP_by_cluster.png",184445,"da481398349a7ade2f29a912e8f10b6b16eb2583cd511628138d28337ad19fb0","SHA-256"
"GSE154600/02_dominance/UMAP_by_doublet_score.pdf",1838424,"3ab4d449bff9682d68df44eda049d38d37508dadbc11da2f9219f7ce5df35350","SHA-256"
"GSE154600/02_dominance/UMAP_by_doublet_score.png",304372,"5a2de74ab8dfcd50018f585dba25923951e00520a645523a4fd9ca5b8bce1062","SHA-256"
"GSE154600/02_dominance/UMAP_by_nCount.pdf",1917180,"6201c204e6d62894d01ae90b1757c79fae3d91dd44c25d75f19f52b64cbfda6a","SHA-256"
"GSE154600/02_dominance/UMAP_by_nCount.png",345637,"e111df0572eaac9cd793330bb959c794d16167177c2c3dde5ebdb9c42dd8228c","SHA-256"
"GSE154600/02_dominance/UMAP_by_nFeature.pdf",1911522,"f1b44120c43ba9b4a1bf4372c1fc1bb0318be387857ec107ddd51d6bdc361ce1","SHA-256"
"GSE154600/02_dominance/UMAP_by_nFeature.png",342835,"b0ed107a2eb2202d2cef5c942defbc2b12530a0bb6187e47fa3641fa7edc8e45","SHA-256"
"GSE154600/02_dominance/UMAP_by_patient.pdf",1689174,"48a8a3a55aac2644e88728f23cdced8751ef08944ef99fe56f4d991ba8d94299","SHA-256"
"GSE154600/02_dominance/UMAP_by_patient.png",187038,"41092ebb8f59c6ae42285d7310f82589ddaea8c051acf95d666aa18f135dec02","SHA-256"
"GSE154600/02_dominance/UMAP_by_percent_mt.pdf",1928839,"ca9b3910e9028590805447ac61cde95401d63a1ba35e952fbc37b9da708c0a69","SHA-256"
"GSE154600/02_dominance/UMAP_by_percent_mt.png",354755,"277e104bb39431ed4a191d5a815491f3fa204f0b679a810c2b8b815ca3dd3e27","SHA-256"
"GSE154600/02_dominance/UMAP_by_sample.pdf",1687452,"45a4c9798f89d1a0bd4a7970ffe904e72b42475e67ecd2e0b06f4c7fd65bef41","SHA-256"
"GSE154600/02_dominance/UMAP_by_sample.png",184216,"fafc801a6f3557edd3db84a89d75cda4fa98905ac50cef43e0b7e7536c0bc182","SHA-256"
"GSE154600/02_dominance/UMAP_by_timepoint.pdf",3975,"58d701eef908357dd4b0d83634911074487b5a02311283f499a30f337e62f467","SHA-256"
"GSE154600/02_dominance/UMAP_by_timepoint.png",8764,"3f396895396d17d99d3fb71eac1ad3924d3d6fd3d112dc0e9af58012fe70f121","SHA-256"
"GSE154600/03_broad_lineages/lineage_strategy_input_audit.csv",1721,"dbfa80186a610a2d4b3123178435ff288b2b32860e3495336a5d2d2a36efc9c2","SHA-256"
"GSE154600/03_broad_lineages/provisional_broad_lineage_summary.csv",753,"8e7aebbd39ac3ccb50bf9afda14e1ea69c5b9396de4c0d572938a0fc8b0b7d1c","SHA-256"
"GSE154600/03_broad_lineages/sessionInfo.txt",1258,"a49ac2f30051f0abff6b1e08accf6bd54dc7b8a549338b146a6401285eb5c9bc","SHA-256"
"GSE154600/04_strategies/B_Plasma_like/A_uncorrected/cluster_sample_metrics.csv",1864,"8049f8322317ff54ff972b3b4b0df46c41f7b65019f724fa032299cb79bc87aa","SHA-256"
"GSE154600/04_strategies/B_Plasma_like/A_uncorrected/UMAP_by_cluster.pdf",129021,"3efa53db770d96d106b2f9f34f1f29d87edab0b4cf439f184303750ce3d57094","SHA-256"
"GSE154600/04_strategies/B_Plasma_like/A_uncorrected/UMAP_by_cluster.png",36271,"f85c31073da676f1de811d0a056b215a411630c76f38f2bcdd47ddd7f9df17ff","SHA-256"
"GSE154600/04_strategies/B_Plasma_like/A_uncorrected/UMAP_by_patient.pdf",125916,"bd7e6a55d99db2f671253bdaa09511b4e09b963f7a20fc3471b5bb94d5223366","SHA-256"
"GSE154600/04_strategies/B_Plasma_like/A_uncorrected/UMAP_by_patient.png",40102,"2b16ddd14cb871a64dc9146117790c167dd92b013faa6d0e13be14cf888f6d5c","SHA-256"
"GSE154600/04_strategies/B_Plasma_like/A_uncorrected/UMAP_by_sample.pdf",126065,"de051d19fc1d64cf7fad54604cd76aed85e73f5eaca9aa8022731114fe896eb5","SHA-256"
"GSE154600/04_strategies/B_Plasma_like/A_uncorrected/UMAP_by_sample.png",38041,"fef5047ef179216692f467ad1120427296f0403d1ca4a05246eb453fe526f7dc","SHA-256"
"GSE154600/04_strategies/B_Plasma_like/B_harmony_sample/cluster_sample_metrics.csv",1406,"43206a56e8ead6b7fd2f4657080db392b5eef89015e13875987cb32c49085971","SHA-256"
"GSE154600/04_strategies/B_Plasma_like/B_harmony_sample/UMAP_by_cluster.pdf",130090,"2021ceac7f6a42c864362e8c07ea1ec3424261291795160706213b8423efbc60","SHA-256"
"GSE154600/04_strategies/B_Plasma_like/B_harmony_sample/UMAP_by_cluster.png",35777,"f32c37087e9d2cbb8156189ba192302fd80ee3a3deb4cabf84ad90d9a6e550e6","SHA-256"
"GSE154600/04_strategies/B_Plasma_like/B_harmony_sample/UMAP_by_patient.pdf",127183,"84adb36f3474c58e02aa14f6d60511fb64eea9759ef129204ae8813931c5fd2e","SHA-256"
"GSE154600/04_strategies/B_Plasma_like/B_harmony_sample/UMAP_by_patient.png",40544,"3d7f1bb8c8184b5ead284ef3ec81505d31de4dc3ea4b3cb3ce3cdd502c7a2167","SHA-256"
"GSE154600/04_strategies/B_Plasma_like/B_harmony_sample/UMAP_by_sample.pdf",126978,"2770a9da2cc9dcf00a676755b65061a83aa960ec5393ca423cc859b3988d68ff","SHA-256"
"GSE154600/04_strategies/B_Plasma_like/B_harmony_sample/UMAP_by_sample.png",40785,"d7bb7f443d79128f2dc38037570ad4d30a6f18c54550ef70b70684c4ed61f230","SHA-256"
"GSE154600/04_strategies/B_Plasma_like/C_RPCA/cluster_sample_metrics.csv",1592,"ed9d52ca4115ff07b75df441217e32246e8b34daaee67e2b0d8ab33e2b8ea589","SHA-256"
"GSE154600/04_strategies/B_Plasma_like/C_RPCA/UMAP_by_cluster.pdf",129986,"d783b6c747b038d983da779772a2849ab0be2c2395b944c7df5940835888b316","SHA-256"
"GSE154600/04_strategies/B_Plasma_like/C_RPCA/UMAP_by_cluster.png",36677,"adac47c33af6be99f74d487044d9a64686b693b9e1343d21200f0f44962fb7af","SHA-256"
"GSE154600/04_strategies/B_Plasma_like/C_RPCA/UMAP_by_patient.pdf",126770,"ccb5f1fcd7454552ecd3f31c01461460b1594abaf3123f0782c38657f3fecfbc","SHA-256"
"GSE154600/04_strategies/B_Plasma_like/C_RPCA/UMAP_by_patient.png",36076,"56883a727f37407185b8c933c8acf5b1040545399b5a670703d08de409b57d56","SHA-256"
"GSE154600/04_strategies/B_Plasma_like/C_RPCA/UMAP_by_sample.pdf",126729,"f3ff4af2e645e6becde8ff6a4bb03cdb1ffe19bef76e3bbfc0a8716eb7ebc983","SHA-256"
"GSE154600/04_strategies/B_Plasma_like/C_RPCA/UMAP_by_sample.png",36719,"258d917f2fe2709d5c495162899bfdfe4724eed089f6e186b3910e6722417579","SHA-256"
"GSE154600/04_strategies/Combined_broad_lineages/A_uncorrected/cluster_sample_metrics.csv",5133,"66591424b9663c0098096144dca0cc1fac9df552568e142bff56d37096e30351","SHA-256"
"GSE154600/04_strategies/Combined_broad_lineages/A_uncorrected/UMAP_by_cluster.pdf",1713819,"91ce41abdc8cf51ad05f2ec3c0677991af323db179d9d6e07c5cd1bdbe86aebd","SHA-256"
"GSE154600/04_strategies/Combined_broad_lineages/A_uncorrected/UMAP_by_cluster.png",159483,"6287c916b3f1da1f0ba3177df7d2a91e1cbf3307cf2b2ee9adb001d100b8c345","SHA-256"
"GSE154600/04_strategies/Combined_broad_lineages/A_uncorrected/UMAP_by_patient.pdf",1672196,"54bbedf04853b0ffc4ecd706efbec0c0310d3b95ed7f1337ce640c4b5fd0c16e","SHA-256"
"GSE154600/04_strategies/Combined_broad_lineages/A_uncorrected/UMAP_by_patient.png",176051,"9a9d66ecfea35e1d9e8ec007ab572b0944962d2b9b13ddaad67bf715cb1076c7","SHA-256"
"GSE154600/04_strategies/Combined_broad_lineages/A_uncorrected/UMAP_by_sample.pdf",1672459,"e3740c8a8451415d4e06db282178afc3c1085278631e45ea8f7e6154876679ca","SHA-256"
"GSE154600/04_strategies/Combined_broad_lineages/A_uncorrected/UMAP_by_sample.png",174520,"2f7b148cc93a93f4b8b2adae716168f262903e6582dd4f09983f5d37f4d5cdc1","SHA-256"
"GSE154600/04_strategies/Combined_broad_lineages/B_harmony_sample/cluster_sample_metrics.csv",2980,"8e96dee39d365af3d33bcf4fc7dab5e6ffeac37e4657a1913caf6539d8021382","SHA-256"
"GSE154600/04_strategies/Combined_broad_lineages/B_harmony_sample/UMAP_by_cluster.pdf",1728601,"7e00700d0cc4ff978edca4e4661c4871d8751f95d677dc28a6d4034e9c63bfa2","SHA-256"
"GSE154600/04_strategies/Combined_broad_lineages/B_harmony_sample/UMAP_by_cluster.png",173383,"5d2e24b158190a77d2b1937f16d627311bf45498e5729af57bbd655d2f57f158","SHA-256"
"GSE154600/04_strategies/Combined_broad_lineages/B_harmony_sample/UMAP_by_patient.pdf",1682521,"16298c6921c548bc7869336453da6ea134cfa95ebf3b4c401a0b10e0e66db8a3","SHA-256"
"GSE154600/04_strategies/Combined_broad_lineages/B_harmony_sample/UMAP_by_patient.png",273674,"62144f97d4af50f34f57873791012d15515ec14b9208c5f8659722bafa7189c6","SHA-256"
"GSE154600/04_strategies/Combined_broad_lineages/B_harmony_sample/UMAP_by_sample.pdf",1682333,"a3f874fdd2d59c00ad6cc8a3dc880a6d125b0770a22a5946bbece0441673b401","SHA-256"
"GSE154600/04_strategies/Combined_broad_lineages/B_harmony_sample/UMAP_by_sample.png",273060,"30cef1adcaed2f4ad6fb996626212e88b6753456786177ec19ab3eed92dc6f04","SHA-256"
"GSE154600/04_strategies/Cycling_like/A_uncorrected/cluster_sample_metrics.csv",1135,"61811b5f8be84f71c82961441a927cca0d93df2bb849b9fdeb3ebc3503940391","SHA-256"
"GSE154600/04_strategies/Cycling_like/A_uncorrected/UMAP_by_cluster.pdf",44390,"bd57805df210b698dbe0e11e25d3ffaeab23ffbb2a4b11d2a377baab9d38fb73","SHA-256"
"GSE154600/04_strategies/Cycling_like/A_uncorrected/UMAP_by_cluster.png",28229,"85a80b82fbe499b092c86e8a4d39601fa91e6d1b69afae1ab81f880c5a64b663","SHA-256"
"GSE154600/04_strategies/Cycling_like/A_uncorrected/UMAP_by_patient.pdf",43655,"911f343974302cf968d448d29a8792a998f6a141b267a9c79adc2ee95a9239dd","SHA-256"
"GSE154600/04_strategies/Cycling_like/A_uncorrected/UMAP_by_patient.png",29929,"22adc6b7a60968c0b41b9bf3337728c80727da88747a9e5288dca160b33c5fe4","SHA-256"
"GSE154600/04_strategies/Cycling_like/A_uncorrected/UMAP_by_sample.pdf",43670,"2e1deac76dfe55611060f9bbeae26e5d698599f7eb848f4c2f0f70658382b726","SHA-256"
"GSE154600/04_strategies/Cycling_like/A_uncorrected/UMAP_by_sample.png",31469,"b347402fe2f98329169dc28386db58048f306f993c0219c5f62ee7debbc63f2d","SHA-256"
"GSE154600/04_strategies/Cycling_like/B_harmony_sample/cluster_sample_metrics.csv",654,"1a40169f0229e6b2336a6151eb721dd457030e890de5e39fa152476da0178bf1","SHA-256"
"GSE154600/04_strategies/Cycling_like/B_harmony_sample/UMAP_by_cluster.pdf",44247,"b311ecccb41fce0d21f8fc7d602a407aa78a3fbf29d40caa7de89c3b43295694","SHA-256"
"GSE154600/04_strategies/Cycling_like/B_harmony_sample/UMAP_by_cluster.png",26948,"520e5990b747df3841a7533d2aea819e1a0b300e64c091d4f4eb097be2f542ef","SHA-256"
"GSE154600/04_strategies/Cycling_like/B_harmony_sample/UMAP_by_sample.pdf",0,"e3b0c44298fc1c149afbf4c8996fb92427ae41e4649b934ca495991b7852b855","SHA-256"
"GSE154600/04_strategies/Endothelial_like/A_uncorrected/cluster_sample_metrics.csv",1191,"65d591096019b4612aa8f50ea5c2505c93ca8dce0e2a7825cb88da5cffff960b","SHA-256"
"GSE154600/04_strategies/Endothelial_like/A_uncorrected/UMAP_by_cluster.pdf",35652,"5dec1b3f68050683193ef8fd96c92589459c7f63fd9f637ecee3fa7a922181da","SHA-256"
"GSE154600/04_strategies/Endothelial_like/A_uncorrected/UMAP_by_cluster.png",28724,"76997e1c14c26768643fb21d22dd275215d00ce2c482856ef269965f2592fe80","SHA-256"
"GSE154600/04_strategies/Endothelial_like/A_uncorrected/UMAP_by_patient.pdf",35037,"548980f1a299cecd0c7d81b67a3ce5d15fa3f6c424b9c7c2c687e56f3769fe52","SHA-256"
"GSE154600/04_strategies/Endothelial_like/A_uncorrected/UMAP_by_patient.png",28636,"05f8ae72a365e9491b0bb2fbcf961bd72ececc020eee631b52878127450f50c8","SHA-256"
"GSE154600/04_strategies/Endothelial_like/A_uncorrected/UMAP_by_sample.pdf",35036,"2b6c35bf2bfe1011e15d1aaa38313353e43133ea5a249ad0d9a87ff727ded0e9","SHA-256"
"GSE154600/04_strategies/Endothelial_like/A_uncorrected/UMAP_by_sample.png",31766,"ed0ab2e3813f3b9ff10ede8994883fd4955ec5886bc501fba72d705f51cf34d2","SHA-256"
"GSE154600/04_strategies/Endothelial_like/B_harmony_sample/cluster_sample_metrics.csv",813,"229fec1a8bc68b05050b92b7d13ef9f5022e3a213d8e2482ae1bcf3abe04c18f","SHA-256"
"GSE154600/04_strategies/Endothelial_like/B_harmony_sample/UMAP_by_cluster.pdf",35714,"92c4ba968329d49100071623216e1b8b0b75f245060a77e9bb777ee452634cba","SHA-256"
"GSE154600/04_strategies/Endothelial_like/B_harmony_sample/UMAP_by_cluster.png",30026,"0d52a844195cfb909e607b1dfcc0d5265c068ba54d4d223413b60ac09fa7e2ec","SHA-256"
"GSE154600/04_strategies/Endothelial_like/B_harmony_sample/UMAP_by_patient.pdf",35294,"5f5c648dd00e365c9cbd2a8828b061651d7ab9650fe8732bb773d50b7e3e3124","SHA-256"
"GSE154600/04_strategies/Endothelial_like/B_harmony_sample/UMAP_by_patient.png",30356,"a30d8c9b444a9585854313ff4b46fcba9fb4ebf9ae885d2afd91a3cfe2513188","SHA-256"
"GSE154600/04_strategies/Endothelial_like/B_harmony_sample/UMAP_by_sample.pdf",35336,"87df19f955efbce14b2964d53120fac6f0e155e18c3a8f9a3a04309a03f39b16","SHA-256"
"GSE154600/04_strategies/Endothelial_like/B_harmony_sample/UMAP_by_sample.png",27819,"091c4d4e76967ce5529833ccc50044bbe89d38c59022da52fe1c6f93ded92f00","SHA-256"
"GSE154600/04_strategies/Epithelial_like/A_uncorrected/cluster_sample_metrics.csv",1929,"d928ba967433bbcd25bba4599105b6e05416e9cdbb4cd6dc2fc16270f18854a9","SHA-256"
"GSE154600/04_strategies/Epithelial_like/A_uncorrected/UMAP_by_cluster.pdf",257673,"dfd2d292dcbd1db698bf4ff36360b329b1bd48d3637a4abdd1d72f67c025e09f","SHA-256"
"GSE154600/04_strategies/Epithelial_like/A_uncorrected/UMAP_by_cluster.png",44180,"2dcc764a760fe0bbd5833ce372e5d252ab561e5f794fbec90e791e420d206692","SHA-256"
"GSE154600/04_strategies/Epithelial_like/A_uncorrected/UMAP_by_patient.pdf",252806,"f8462b61e8dd71c21b9860394dfc7ba049f0d9ed5d90bdd9aeaf3cd438e9a1f3","SHA-256"
"GSE154600/04_strategies/Epithelial_like/A_uncorrected/UMAP_by_patient.png",44556,"06f4d35f27456d93dfcb44041524868bda263d8fe3c934aac505cf53d3da3411","SHA-256"
"GSE154600/04_strategies/Epithelial_like/A_uncorrected/UMAP_by_sample.pdf",252765,"699b3bd4c0818a15c030096757cf3ecdf3b0a2933ad1534c7d2f7c7d8531671e","SHA-256"
"GSE154600/04_strategies/Epithelial_like/A_uncorrected/UMAP_by_sample.png",45002,"d4fd0243d39f8b15bb179c058d7d2516365861b2762c20864db1756907982092","SHA-256"
"GSE154600/04_strategies/Epithelial_like/B_harmony_sample/cluster_sample_metrics.csv",1960,"80e412507ff0a68aa46ad811f428b66e6e1a034bac32dc6f17970eab034fdd05","SHA-256"
"GSE154600/04_strategies/Epithelial_like/B_harmony_sample/UMAP_by_cluster.pdf",260551,"0479e85ad7b1aac83d45f1bd8ffd7aea776fa7f98a36635ec5e253f27b92a9bf","SHA-256"
"GSE154600/04_strategies/Epithelial_like/B_harmony_sample/UMAP_by_cluster.png",46899,"08cacbd8cf9eee276c276002b927b261da1ed2150e771d213f3d1bd866d7bd35","SHA-256"
"GSE154600/04_strategies/Epithelial_like/B_harmony_sample/UMAP_by_patient.pdf",255337,"e632a710fa1a70925792fa3f062c6d3a45a914e338e0b363e666f580d7b07daf","SHA-256"
"GSE154600/04_strategies/Epithelial_like/B_harmony_sample/UMAP_by_patient.png",48828,"c638bd7466df5034a78b32347d2d6ef0a7273ef3da19aa75ea13e0c0f47aabb4","SHA-256"
"GSE154600/04_strategies/Epithelial_like/B_harmony_sample/UMAP_by_sample.pdf",255375,"7c26853278d5c4d6de44047fdbb168fdd5ff20e4a7d5d829c8240117d0e5143e","SHA-256"
"GSE154600/04_strategies/Epithelial_like/B_harmony_sample/UMAP_by_sample.png",50606,"ece13b4c714ab518709329e0ae20110d5e672b147f3a82114233ff80534804d8","SHA-256"
"GSE154600/04_strategies/Epithelial_like/C_RPCA/cluster_sample_metrics.csv",2051,"9154b0db1cdc5a0ed76fdaff81e989ed895745b47029c68033e4b638400e68e3","SHA-256"
"GSE154600/04_strategies/Epithelial_like/C_RPCA/UMAP_by_cluster.pdf",264596,"22c7d395018cd28ac8f2e04c8a72961a2760fd66f34caa1dd4d26a46c5dc3aba","SHA-256"
"GSE154600/04_strategies/Epithelial_like/C_RPCA/UMAP_by_cluster.png",53960,"694e864863caf2c15bbab8615e8eef589e5b87557565ce770c3a09e322881495","SHA-256"
"GSE154600/04_strategies/Epithelial_like/C_RPCA/UMAP_by_patient.pdf",257806,"3e1e4408d5afc6abf606405c8cce4b612def953c18f9483f69f278d51d77a51e","SHA-256"
"GSE154600/04_strategies/Epithelial_like/C_RPCA/UMAP_by_patient.png",53405,"312aa02d80683cf372b3d6b7530836ff155d8fcf4f38807e2c1ed3848b949910","SHA-256"
"GSE154600/04_strategies/Epithelial_like/C_RPCA/UMAP_by_sample.pdf",257875,"32657ec0733c5dc0abf96885e56c3fec6b470fb1a2a09e7c5b0c7180bddf9df8","SHA-256"
"GSE154600/04_strategies/Epithelial_like/C_RPCA/UMAP_by_sample.png",53388,"db7cb0612788c9611204f4a24b2d643e6a3cbf86e50b6d458b9f9b40bdef89e4","SHA-256"
"GSE154600/04_strategies/Fibroblast_like/A_uncorrected/cluster_sample_metrics.csv",2504,"7fbd85cd1a5e513341d2299685bb3e5f1b3ac2a5eaacb2032bd244f43a9b2af4","SHA-256"
"GSE154600/04_strategies/Fibroblast_like/A_uncorrected/UMAP_by_cluster.pdf",437904,"c5095d252d369f191733c75a5e9f0a28516e075408cd285d2bf371c644671910","SHA-256"
"GSE154600/04_strategies/Fibroblast_like/A_uncorrected/UMAP_by_cluster.png",89326,"556feda1b8b8b149ecbb945a3767ce66f588629a25c7235478d0a2becdd46ae0","SHA-256"
"GSE154600/04_strategies/Fibroblast_like/A_uncorrected/UMAP_by_patient.pdf",426320,"bc437b5a04357586d97b3ba9b31a2daf43d21b9be188fe5ef91d0aa4844f34cb","SHA-256"
"GSE154600/04_strategies/Fibroblast_like/A_uncorrected/UMAP_by_patient.png",54090,"8ac57c849fed82415b5765c3f2e7c7fd6682152e796b5d4efbc7027e14f779b2","SHA-256"
"GSE154600/04_strategies/Fibroblast_like/A_uncorrected/UMAP_by_sample.pdf",426110,"b42eaf851e6e8f9c4c5874ca3d1c4ab6ff9d967f03fd47ae58c89f05f6835020","SHA-256"
"GSE154600/04_strategies/Fibroblast_like/A_uncorrected/UMAP_by_sample.png",54978,"8165478072aecd523ee4ef66699ad4b4604156a1d85699fe37c721d8cbf64aac","SHA-256"
"GSE154600/04_strategies/Fibroblast_like/B_harmony_sample/cluster_sample_metrics.csv",2345,"b1eb201a6b1191665d934a9243a85a50f34e406128d6cf96fb2262b4d63036bf","SHA-256"
"GSE154600/04_strategies/Fibroblast_like/B_harmony_sample/UMAP_by_cluster.pdf",440026,"355d8743a654088bca716ca86119e84a6c36d73a8ef16ece3d9ffe4895ebcdfd","SHA-256"
"GSE154600/04_strategies/Fibroblast_like/B_harmony_sample/UMAP_by_cluster.png",91820,"42fc5ce6f7e5936f0c334f65b32dcc4d5e97fa4eee9516c740f1542f180add3b","SHA-256"
"GSE154600/04_strategies/Fibroblast_like/B_harmony_sample/UMAP_by_patient.pdf",427043,"2babe909e020372f5edd4300aecd963139767146ceac23043aee80f3e6df7fea","SHA-256"
"GSE154600/04_strategies/Fibroblast_like/B_harmony_sample/UMAP_by_patient.png",58009,"beef45c0d3bbf848c84af1fc0c5cc31ea621499a4d4722aff1522e40eb20bd83","SHA-256"
"GSE154600/04_strategies/Fibroblast_like/B_harmony_sample/UMAP_by_sample.pdf",427246,"b2a92fad33119a5494bf27c609e6302c5a6adec095d20b185ec618b66bcf5895","SHA-256"
"GSE154600/04_strategies/Fibroblast_like/B_harmony_sample/UMAP_by_sample.png",56599,"0b162db30dd88ad1cd7230a0d15d83b82bccdd9316ae78240d6a63e5e401291c","SHA-256"
"GSE154600/04_strategies/Fibroblast_like/C_RPCA/cluster_sample_metrics.csv",2322,"c75a73a2df4895991ae1d6be12e06500fb486f89c995bf578c6644ec8409dce5","SHA-256"
"GSE154600/04_strategies/Fibroblast_like/C_RPCA/UMAP_by_cluster.pdf",439148,"68afe2dd848155738f0cf3eee866b25e2b0b153b07698476e082d8148b0b2fd6","SHA-256"
"GSE154600/04_strategies/Fibroblast_like/C_RPCA/UMAP_by_cluster.png",89770,"e59328f5aeedff156c89ba6c02fa569cb9bedb7b89e841203832c3684584b7b2","SHA-256"
"GSE154600/04_strategies/Fibroblast_like/C_RPCA/UMAP_by_patient.pdf",425737,"c604d167dbbcc327abcbc43fe32ae5ddddc7ea66af02848b7ee7d9facd513fbe","SHA-256"
"GSE154600/04_strategies/Fibroblast_like/C_RPCA/UMAP_by_patient.png",56989,"0a324e60140c8ae8360e09e5ac096c3d98ff27b1826c7759fd965d814926a6c3","SHA-256"
"GSE154600/04_strategies/Fibroblast_like/C_RPCA/UMAP_by_sample.pdf",425739,"d7f10a4f0609ca1ec242996d5b3f156629db2ae1b4992f22884c4454ea4b7ac1","SHA-256"
"GSE154600/04_strategies/Fibroblast_like/C_RPCA/UMAP_by_sample.png",56533,"13455aef4de325b15abb6edcb11b175c5d45360c54b4b4d23aacc1ca6197ddd6","SHA-256"
"GSE154600/04_strategies/Myeloid_like/A_uncorrected/cluster_sample_metrics.csv",2899,"ee5676e3267aac75d2e5eac68b13141143780990675ac028670664d2e9123a59","SHA-256"
"GSE154600/04_strategies/Myeloid_like/A_uncorrected/UMAP_by_cluster.pdf",385630,"c4cf221f4e147a95e58e9fe1b1ca6920b6aecaa4ccd8145e181e1a4588490e44","SHA-256"
"GSE154600/04_strategies/Myeloid_like/A_uncorrected/UMAP_by_cluster.png",91920,"3fa88abfe1c2cd22afc05f360f6df09fd319f849844ff47a7f5902bef75f0a2f","SHA-256"
"GSE154600/04_strategies/Myeloid_like/A_uncorrected/UMAP_by_patient.pdf",377059,"3311511ac370ae5f10dbe46dcc7a5d9dc444530f48dc2c35a4a10f263ed5189a","SHA-256"
"GSE154600/04_strategies/Myeloid_like/A_uncorrected/UMAP_by_patient.png",55556,"7eed78133eaab31b7dc780a12a4cfb215d6b645e69ce741faa25aebc2ebebf77","SHA-256"
"GSE154600/04_strategies/Myeloid_like/A_uncorrected/UMAP_by_sample.pdf",376875,"79e91d003593bd523d97decaf0e528e58d510d645d05a3c53c7a6266808a451b","SHA-256"
"GSE154600/04_strategies/Myeloid_like/A_uncorrected/UMAP_by_sample.png",57074,"ea9a00b5d17fc55a5d2d466e893cc6a9b4c47f3db1e5a1d84b1e6b8a6670b011","SHA-256"
"GSE154600/04_strategies/Myeloid_like/B_harmony_sample/cluster_sample_metrics.csv",2269,"23d49647d5685a52860432b46e9e8a21468c583b8540f0fc141e61854f8f1009","SHA-256"
"GSE154600/04_strategies/Myeloid_like/B_harmony_sample/UMAP_by_cluster.pdf",391708,"791a97e70bd5cced95ce29ae2a9598af8a0ef3f933a1a1ade499d6e70a315616","SHA-256"
"GSE154600/04_strategies/Myeloid_like/B_harmony_sample/UMAP_by_cluster.png",93201,"d1b2ac31c777efd2bf5316586b856170e77a0f15d93133c7e59ba4ba42e220c7","SHA-256"
"GSE154600/04_strategies/Myeloid_like/B_harmony_sample/UMAP_by_patient.pdf",380508,"4422fde0cc087fc5a9fce2a581ab5b3f3b8a756809199a4e71be6df8e09483ed","SHA-256"
"GSE154600/04_strategies/Myeloid_like/B_harmony_sample/UMAP_by_patient.png",59979,"07658f17382f742cfd86735aefc0c3d82fd77de65c385677ec52072893026ab6","SHA-256"
"GSE154600/04_strategies/Myeloid_like/B_harmony_sample/UMAP_by_sample.pdf",380652,"2be503c58a19b72f74fee725b88f0e37852d649797fdf5961e4cc845a874bd57","SHA-256"
"GSE154600/04_strategies/Myeloid_like/B_harmony_sample/UMAP_by_sample.png",60716,"8825f5b723e27f57e4f5084f817ddc547db32f6575db58658a6ec3064912c307","SHA-256"
"GSE154600/04_strategies/Myeloid_like/C_RPCA/cluster_sample_metrics.csv",2482,"93f957e8c928dac63bcd13b054bb4e5893d370b56069bbdca9d3f2d03f22b8a5","SHA-256"
"GSE154600/04_strategies/Myeloid_like/C_RPCA/UMAP_by_cluster.pdf",394203,"c17dac88aad65403a9b28ebb356e64527219ebfb8e7eb0dd60fc78d2df913304","SHA-256"
"GSE154600/04_strategies/Myeloid_like/C_RPCA/UMAP_by_cluster.png",98132,"65b22cb9c1c91f570487df656bfbf0c9f9fb0a638cc137f4789072499839299f","SHA-256"
"GSE154600/04_strategies/Myeloid_like/C_RPCA/UMAP_by_patient.pdf",381571,"a1cbde53006dc550392bddeffeff1331c9b90214a83c468927c5f8010fc1dce0","SHA-256"
"GSE154600/04_strategies/Myeloid_like/C_RPCA/UMAP_by_patient.png",64111,"307c670e67b8754af982e7b5b4ad82ed1085074eeb795ffffb05c4b1f5df526d","SHA-256"
"GSE154600/04_strategies/Myeloid_like/C_RPCA/UMAP_by_sample.pdf",381698,"9a925b15b2f7e617c564f40076466165001d2f7f90ca134e69664b39c201a143","SHA-256"
"GSE154600/04_strategies/Myeloid_like/C_RPCA/UMAP_by_sample.png",65743,"6b8540dc17a931fdb2fe1ce0b7dbbd3d7e26ba00884548690e37ec3390eaec5c","SHA-256"
"GSE154600/04_strategies/T_NK_like/A_uncorrected/cluster_sample_metrics.csv",2182,"22591d674fcf1b72003c71f4f8ec4965e757ce8614faf92a2597a791f4d78a0c","SHA-256"
"GSE154600/04_strategies/T_NK_like/A_uncorrected/UMAP_by_cluster.pdf",440729,"e9a15a4046421e9a8842240d5da35213c656fd24a5e2f75ee499c0c0657116eb","SHA-256"
"GSE154600/04_strategies/T_NK_like/A_uncorrected/UMAP_by_cluster.png",81957,"09f9d526e20ebc4154e3ae2917bc88a96c6afa6217220108e0efd73685d25149","SHA-256"
"GSE154600/04_strategies/T_NK_like/A_uncorrected/UMAP_by_patient.pdf",434412,"a61e7d86a835eb31510dca8e3af46f94f22206607c33ad26ac7494d3ec196e49","SHA-256"
"GSE154600/04_strategies/T_NK_like/A_uncorrected/UMAP_by_patient.png",51764,"c4dd46e87eaca7e3ead5a0d2df226f3bbc4139bbb515077ae1bf5c4461701dc1","SHA-256"
"GSE154600/04_strategies/T_NK_like/A_uncorrected/UMAP_by_sample.pdf",434519,"f9e44060bd28eb49b877f39beaaa6c6c8fca81df916385bc545164d0e192f570","SHA-256"
"GSE154600/04_strategies/T_NK_like/A_uncorrected/UMAP_by_sample.png",51395,"fd18ebb3597f64ca699413601aad0283ad1a693e160cd9a02aad5ca695e8a24e","SHA-256"
"GSE154600/04_strategies/T_NK_like/B_harmony_sample/cluster_sample_metrics.csv",1872,"7217cacc83a57168ac0a2b87d47a2b47310a7ba7b19844bd1ce49c670cff416a","SHA-256"
"GSE154600/04_strategies/T_NK_like/B_harmony_sample/UMAP_by_cluster.pdf",451627,"e2128c4bb3b6570e20ee7b437a9e156347da66639125682fdafdc889947b55bf","SHA-256"
"GSE154600/04_strategies/T_NK_like/B_harmony_sample/UMAP_by_cluster.png",62908,"b3b4e19e8ad8aca7219b2287a4dc6008742d2e1c9a0519b0f6606a9a9646fb29","SHA-256"
"GSE154600/04_strategies/T_NK_like/B_harmony_sample/UMAP_by_patient.pdf",441558,"2c8480cddc593fb64d799d9316077be74c4c06587f01d60fdd4d6b1e1046e04a","SHA-256"
"GSE154600/04_strategies/T_NK_like/B_harmony_sample/UMAP_by_patient.png",66758,"68190e42f695505e2466aee867c35ef043fac4a2751476e754b952b00ecf9b84","SHA-256"
"GSE154600/04_strategies/T_NK_like/B_harmony_sample/UMAP_by_sample.pdf",441701,"f3d2de7f1ae467fc8ba5185e74787c49180dd47ced42a7e0a444066a03899e19","SHA-256"
"GSE154600/04_strategies/T_NK_like/B_harmony_sample/UMAP_by_sample.png",68614,"fc8e7b71332ca899a83b1fa48957c33bbc1abe7b48384de81a5bb57e0f9bb2ab","SHA-256"
"GSE154600/04_strategies/T_NK_like/C_RPCA/cluster_sample_metrics.csv",2508,"c75cbc3606e4af98e0953667781d2f013f7e0b3fce194dc9aab6a44a8d28d335","SHA-256"
"GSE154600/04_strategies/T_NK_like/C_RPCA/UMAP_by_cluster.pdf",455232,"dc54cd72b0f357172e4d331de670e4b7ceaa9ec0a42135fd67407794916cf87b","SHA-256"
"GSE154600/04_strategies/T_NK_like/C_RPCA/UMAP_by_cluster.png",103679,"abfe48a7c3ef973e378876861d2fbd897ad6965c1befe8bd6ac71ccbb0f87ac1","SHA-256"
"GSE154600/04_strategies/T_NK_like/C_RPCA/UMAP_by_patient.pdf",443188,"b4c4d00309bc8aa264ba9191394276e3a5c7483659dc7d0f6413aa28477236bc","SHA-256"
"GSE154600/04_strategies/T_NK_like/C_RPCA/UMAP_by_patient.png",109539,"dce1792b7c711ac683ae81b3a75a48e37d08e3bd1ce66aca48e3ee881aadc112","SHA-256"
"GSE154600/04_strategies/T_NK_like/C_RPCA/UMAP_by_sample.pdf",442862,"59d0ede0a4807554e8af000822e746480ea4b66f0680f7a4cad97732d5870e1b","SHA-256"
"GSE154600/04_strategies/T_NK_like/C_RPCA/UMAP_by_sample.png",109442,"101fefb977aaa0075c954063107604ceedf66a940e6111156bb14e96258994c5","SHA-256"
"GSE154600/05_markers/broad_marker_dotplot.pdf",231461,"e2e4f1837dddf7cfc06edd6627cfe2be134884896ea5a75c1d17a021206d16ff","SHA-256"
"GSE154600/05_markers/broad_marker_dotplot.png",586168,"0b8c6144d84f571b464347db4d5200cc56787e1dbb8011435f32c54cb1614191","SHA-256"
"GSE154600/05_markers/manual_annotation_template.csv",14378,"a8c3812c944e5adadbaa077e1c2edf6de4da5dbb283201faacf755bb5cd86e1d","SHA-256"
"GSE154600/05_markers/marker_run_audit.csv",1144,"5df7cd164f0c42dd0eb06a6696b8e602450e11f55bc4dbb48e0dc184acc8ad34","SHA-256"
"GSE154600/05_markers/sessionInfo.txt",3130,"0f564e2b064881dffeff53c647dc6045159bb2a90eec3582fe7dffe782b53282","SHA-256"
"GSE154600/05_markers/strategy_marker_sensitivity/B_Plasma_like/A_uncorrected/top20_markers_per_cluster.csv",25071,"634fe376ece6e97d7cba17cecb2fbfe41c729ca3d2c2f2909e2a7f91a174501c","SHA-256"
"GSE154600/05_markers/strategy_marker_sensitivity/B_Plasma_like/B_harmony_sample/top20_markers_per_cluster.csv",18599,"ed1719583029c6944c1e9157b27621a74d9f71bca35424f84b44ae0028af5886","SHA-256"
"GSE154600/05_markers/strategy_marker_sensitivity/Cycling_like/A_uncorrected/top20_markers_per_cluster.csv",13145,"c3afd5402b603c0772472e0ed696aad988c7d808fd8b795ebecde32bb1b5a218","SHA-256"
"GSE154600/05_markers/strategy_marker_sensitivity/Cycling_like/B_harmony_sample/top20_markers_per_cluster.csv",6853,"187e25f5d6164394b2289013ab1388ec3f3a4d9d43ed4506ca5583bea83f60cb","SHA-256"
"GSE154600/05_markers/strategy_marker_sensitivity/Endothelial_like/A_uncorrected/top20_markers_per_cluster.csv",13556,"e1e50f79545228414c4209f2b96c474e45ad1c8ad2fdb71b3eb1b7ff307b83d9","SHA-256"
"GSE154600/05_markers/strategy_marker_sensitivity/Endothelial_like/B_harmony_sample/top20_markers_per_cluster.csv",9325,"3f0c31592946096cf73524339ff2e155322139d038a5c5d861b91427c7d8562e","SHA-256"
"GSE154600/05_markers/strategy_marker_sensitivity/Epithelial_like/A_uncorrected/top20_markers_per_cluster.csv",27950,"073828c00037b289c4e416ccec1e460aa9caa7d1ab0ead400c87d76b1468c8f3","SHA-256"
"GSE154600/05_markers/strategy_marker_sensitivity/Fibroblast_like/A_uncorrected/top20_markers_per_cluster.csv",30116,"9b545538b4bcc6bfc65e8602966b23668cffbad3cb2bb657a27db67bbf8366c4","SHA-256"
"GSE154600/05_markers/strategy_marker_sensitivity/Fibroblast_like/B_harmony_sample/top20_markers_per_cluster.csv",28618,"86c9af58763bb69847a9fa0e5c2a6872b18a41640d4b568766c91a6c1d80ece5","SHA-256"
"GSE154600/05_markers/strategy_marker_sensitivity/Myeloid_like/A_uncorrected/top20_markers_per_cluster.csv",37731,"8baa7945d2ba73c741f416f65d4b2428922be873802683e0bd13e4de48b5c9f9","SHA-256"
"GSE154600/05_markers/strategy_marker_sensitivity/Myeloid_like/B_harmony_sample/top20_markers_per_cluster.csv",29481,"8b63c4d662d14d509c9ab8a9197baace02deb99982956a2e3273cb9602f37634","SHA-256"
"GSE154600/05_markers/strategy_marker_sensitivity/T_NK_like/A_uncorrected/top20_markers_per_cluster.csv",27951,"189fc46ab1eabd635710a38818e7967ba5d742f0f51642c5759d67a6391d8d38","SHA-256"
"GSE154600/05_markers/strategy_marker_sensitivity/T_NK_like/B_harmony_sample/top20_markers_per_cluster.csv",24277,"0d3248bf14582dc97558d5e62d3480882a3d81cdbfea9c0ce16875859eeecf46","SHA-256"
"GSE154600/05_markers/top_marker_heatmap.pdf",193696,"1fd855d4a46dbd5e95fc40c5069e47fa09697850e71ee63d356d0754e793594a","SHA-256"
"GSE154600/05_markers/top_marker_heatmap.png",432445,"d8dd299e399d2217c897ea5372c2304186b5b0d7715f116227a967211727b3b4","SHA-256"
"GSE154600/05_markers/top_marker_overlap_by_lineage.csv",647,"904f7a57f3b846de0cf3f60fa39fc3e8713018e395d105bce9b89ba0b4b0a122","SHA-256"
"GSE154600/05_markers/top100_markers_per_cluster.csv",700095,"e96a514b5d75ff55ec6bf00f0cae1d34862b2f45fc982eeba4c27a5722c1998a","SHA-256"
"GSE154600/05_markers/top20_markers_per_cluster.csv",144785,"867c84f99a7d25437a2cf9560fe58c81675f4655f89ed19d4bb4fbb9b0f2161e","SHA-256"
"GSE154600/05_markers/top50_markers_per_cluster.csv",355932,"3623ee13f0aacfdc2a7d266b49e3b60d4bc0baa2b97e8df9394d859027962425","SHA-256"
"GSE158722/01_mt_audit/feature_metadata_columns.csv",85,"11e3f966d2ae49b41fa7ed9b46cd4f7d34b6d3271b8d835056f13c99a21b0a70","SHA-256"
"GSE158722/01_mt_audit/feature_name_head_100.txt",722,"97d0926fcee879b6e14affb201cc03e8083019aa1828920f429be9ae4d83b893","SHA-256"
"GSE158722/01_mt_audit/feature_name_pattern_audit.csv",661,"850d5f24f9c4387e67e0608021dcc38b6e3516d92ade81f9e87d8915f3349d5c","SHA-256"
"GSE158722/01_mt_audit/feature_name_tail_100.txt",731,"909696a86299a2f8b027b1f405d77e909b4c721137e6178232b8299af3a47620","SHA-256"
"GSE158722/01_mt_audit/hemoglobin_features_used.csv",24544,"f833b6191d10d4dd820b35698acf71ea3c94857b8cee7d6162a2dc504259ad93","SHA-256"
"GSE158722/01_mt_audit/mt_feature_detection.csv",507,"ca118966c6df3c5c05ae27876d05190c4162a3b276f5712515aa7ed1b1b0a173","SHA-256"
"GSE158722/01_mt_audit/mt_features_used.csv",29006,"beb26a5d9b08a7e1db300b1d7a092882ea0b8a47cab1c0247d6947e4f722d2c1","SHA-256"
"GSE158722/01_mt_audit/mt_qc_decision.md",981,"2c4cb7b23c8afc8c9c156347bfac1f6c8acef921c25dcbcab36c1e134850ba47","SHA-256"
"GSE158722/01_mt_audit/percent_mt_by_sample.pdf",349325,"e49623b5738f38232a80336ca197edc7bcf8aa755963fbf5189533f02a99c049","SHA-256"
"GSE158722/01_mt_audit/percent_mt_by_sample.png",53360,"2fa578fbe2686f6b56ef83c2750a1245320c1c8269462d88acd38cbf60526d43","SHA-256"
"GSE158722/01_mt_audit/percent_mt_distribution.pdf",5106,"6ddb45da97d48fdc50293ecc28e22724c6d6d5faa8d0dc1ee5b40af141b0fb26","SHA-256"
"GSE158722/01_mt_audit/percent_mt_distribution.png",21545,"c9f806fe180a1d61f83c7f24fb6e8359474f5fcf961d33b9184d447cfec12ce6","SHA-256"
"GSE158722/01_mt_audit/qc_cell_retention_repaired.csv",242,"e1d3f0c52e39b2ab2388897c72e4217af79751a4ad99456a8873d73c6b4d64c4","SHA-256"
"GSE158722/01_mt_audit/qc_metric_before_after.csv",819,"80434812eb277fdf3e2f017318090d347ad15048d0880800165dd0ddb8d9b4bd","SHA-256"
"GSE158722/01_mt_audit/qc_thresholds_repaired.csv",1977,"03ff26dccd421a7456110df4518a3526af7eaee64339f2ef54b28f71ce5a0aad","SHA-256"
"GSE158722/01_mt_audit/raw_qc_patient_mt_availability.csv",2440,"edb05cb7c9512d25a53ccad9f5dd4ba3bfb4857f3214686425b0efe8ab6335e6","SHA-256"
"GSE158722/01_mt_audit/ribosomal_features_used.csv",262901,"61892613bc363b0f75aeb793b221a3137a8f60ea6aa4a675aebe299b18f61bfa","SHA-256"
"GSE158722/01_mt_audit/source_file_feature_pattern_audit.csv",3539,"ed3202d367bad773498b7e19258c42d20b8307b9f9a81e027ec9907920040dc7","SHA-256"
"GSE158722/02_dominance/cluster_dominance_diagnostic_table.csv",27077,"c354caa9bd8d656513471852b8029eaa411a07155cbbbb6178446761084c6285","SHA-256"
"GSE158722/02_dominance/cluster_sample_entropy.pdf",5621,"8a79581016fd87a900228cbd7edb7ddd91f632e6c362193cf3ade276a043b422","SHA-256"
"GSE158722/02_dominance/cluster_sample_entropy.png",35682,"0a35d483d1530fb31dc541a993144078d2687131d54cf72cfe45c53427f63c43","SHA-256"
"GSE158722/02_dominance/cluster_sample_fraction_heatmap.pdf",13576,"63a44b5d5595aff5c92d46c3dcd49c1409b367c549d46cc3a596d36ea3d0cae1","SHA-256"
"GSE158722/02_dominance/cluster_sample_fraction_heatmap.png",56447,"bc962a2c18e5818c786a76e53c9468c39c2996bed2804d73883437882f4af55f","SHA-256"
"GSE158722/02_dominance/patient_timepoint_cluster_correspondence.csv",1314,"06b3690800dd350412619098f38c0b4c91d3062befc3d013b0bad342826d1257","SHA-256"
"GSE158722/02_dominance/patient_timepoint_cluster_distribution.csv",44960,"d6225afd9f024c71d4a61542f97b80b0a5efce93b8effe162e71a8b7c01cf9e8","SHA-256"
"GSE158722/02_dominance/PC_sample_association.pdf",3975,"947e3e73b5fc939b09a1d9f845c330a1f0652b4a6c22d945eee0d1cec81ccdb9","SHA-256"
"GSE158722/02_dominance/PC_sample_association.png",8478,"9c7145031a1301d6646cf5c46a05cdda5d01f4e0f8834a6c56172103567ad6b4","SHA-256"
"GSE158722/02_dominance/plot_generation_status.csv",240,"997ae1b15b210440953fc5a867904abf2f3b082b8d7222e6d189701c3f12ecfd","SHA-256"
"GSE158722/02_dominance/UMAP_by_cluster.pdf",5353994,"6c09078425de4f0f0fd8c819d27ed45f83d07ae614c7e30c6c005246baafe47d","SHA-256"
"GSE158722/02_dominance/UMAP_by_cluster.png",266273,"a1dbb13b7f535f719bec6d201911805956990de074c95d45eba01077b1d81468","SHA-256"
"GSE158722/02_dominance/UMAP_by_doublet_score.pdf",4073,"08045c322b6f5f7bfa6e4ca536d02e7a8149e81d095cd1081d18eb404a643048","SHA-256"
"GSE158722/02_dominance/UMAP_by_doublet_score.png",12493,"97eeb852f5c94be3049914b05c20d07e98cf35425744af6cdec93cccb24295cc","SHA-256"
"GSE158722/02_dominance/UMAP_by_nCount.pdf",4066,"f226a12e47a50d10b3b61ffef314194490d6e2bd311b01909a5c5eba2c57dac7","SHA-256"
"GSE158722/02_dominance/UMAP_by_nCount.png",12161,"542db7f9efd5df9fc2585db2992dc9f8ccff5b8e819644e4640a1f0ef67f7090","SHA-256"
"GSE158722/02_dominance/UMAP_by_nFeature.pdf",4071,"9f825cfab671fc67cdf1837708d179f96587389143efdcec146f9a60447c0d53","SHA-256"
"GSE158722/02_dominance/UMAP_by_nFeature.png",12233,"796f61ccc8069540359ca6fc1990c3428cb2138262f75c841750e83669be5849","SHA-256"
"GSE158722/02_dominance/UMAP_by_patient.pdf",4068,"1107682c70c642a262d5a1bb1fe634d08927a9f4db117c7318dbf67b27c30363","SHA-256"
"GSE158722/02_dominance/UMAP_by_patient.png",12193,"5aea40ff519b941adf46e663cd61ce4affdeefc22f48bd01fc16a6ffecab3575","SHA-256"
"GSE158722/02_dominance/UMAP_by_percent_mt.pdf",4069,"0d10c3b682e9f4d599b395491ff5462cb4a04333231ece710be029eb66e6cc23","SHA-256"
"GSE158722/02_dominance/UMAP_by_percent_mt.png",12316,"42fa7ea8509aa942c69fa8501e56c78f4dd8c78476c7ac21e5e0e3db09382321","SHA-256"
"GSE158722/02_dominance/UMAP_by_sample.pdf",5239339,"252e3ebd3103398353fbfe86f483b72d85ee7e195e406828b2243a382e98f169","SHA-256"
"GSE158722/02_dominance/UMAP_by_sample.png",320324,"9286c798549bba67b7b44996cc1320038b806cdeeafacdb9c67cfc26c62027ec","SHA-256"
"GSE158722/02_dominance/UMAP_by_timepoint.pdf",4069,"dcdc29f2ff4c7c2a7a802c8a39391833fc737686c62bdac46fc8fd9bf28e43c8","SHA-256"
"GSE158722/02_dominance/UMAP_by_timepoint.png",12275,"46cae4cbbb1086c39822da9ca60aa310dbfd6c2f3499f4b7b2bddc43802eb070","SHA-256"
"GSE158722/03_broad_lineages/lineage_strategy_input_audit.csv",1543,"4ddc13b6d31366b4fa27ebec994715fab6df27c21734ab99f73daf42f1ed9da7","SHA-256"
"GSE158722/03_broad_lineages/provisional_broad_lineage_summary.csv",713,"2014cd7f7f851646a3617840d4bc9026c4c03324fb166465f29e80557a701285","SHA-256"
"GSE158722/03_broad_lineages/sessionInfo.txt",1258,"a49ac2f30051f0abff6b1e08accf6bd54dc7b8a549338b146a6401285eb5c9bc","SHA-256"
"GSE158722/04_strategies/B_Plasma_like/A_uncorrected/cluster_sample_metrics.csv",1266,"18737a8fab5c63068ad9d10f265f6e04c5f2d6c8abd0a1bd9db0dcf018c3a321","SHA-256"
"GSE158722/04_strategies/B_Plasma_like/A_uncorrected/UMAP_by_cluster.pdf",36706,"f9be873362571d8a23af527f9622c209c947854f81303d258daaa0eacb68dc74","SHA-256"
"GSE158722/04_strategies/B_Plasma_like/A_uncorrected/UMAP_by_cluster.png",26547,"f8fb3c78ca1032359c9e155faa769033d876cfef6ba4b6ae53645a3bcb9019de","SHA-256"
"GSE158722/04_strategies/B_Plasma_like/A_uncorrected/UMAP_by_patient.pdf",37107,"dbf43f8c5a42897649ede61dc7fa112d154663a6f7e76e692240b726a2b08ee8","SHA-256"
"GSE158722/04_strategies/B_Plasma_like/A_uncorrected/UMAP_by_patient.png",31665,"82e1594195107327e7f9ead245edcdcfa3116b792c717977c219bab2bcc7506b","SHA-256"
"GSE158722/04_strategies/B_Plasma_like/A_uncorrected/UMAP_by_sample.pdf",37353,"583f125f2bbed5922e7369e3e221599f1fd236bbde15e8a223f9999a84015800","SHA-256"
"GSE158722/04_strategies/B_Plasma_like/A_uncorrected/UMAP_by_sample.png",39107,"4df2cef2e2122e8a27e5c973ac7dd945c57449b432a6a39ff46dd5ce131ead5b","SHA-256"
"GSE158722/04_strategies/B_Plasma_like/B_harmony_patient/cluster_sample_metrics.csv",1380,"591939b2fb603064d7fe45206a1291c2f6104ef4cb926db29d7dfc8359a60923","SHA-256"
"GSE158722/04_strategies/B_Plasma_like/B_harmony_patient/UMAP_by_cluster.pdf",36820,"b809331630192e8c68a03f83ccd11a0b66742cf00192b1fbd992f06d6e1865fb","SHA-256"
"GSE158722/04_strategies/B_Plasma_like/B_harmony_patient/UMAP_by_cluster.png",27226,"0b4dab6cbf748966575a888b9de71a7d9e899732a1de616121a4600e3949229e","SHA-256"
"GSE158722/04_strategies/B_Plasma_like/B_harmony_patient/UMAP_by_patient.pdf",37214,"3610f977b38d41dfde44377ef8b5a67caa597af7f4ae4b133d1394a6528e790d","SHA-256"
"GSE158722/04_strategies/B_Plasma_like/B_harmony_patient/UMAP_by_patient.png",33576,"e89b7c24b24683c9ec10ab957e294e133e3e97f5e4e0494730481abf9313e87f","SHA-256"
"GSE158722/04_strategies/B_Plasma_like/B_harmony_patient/UMAP_by_sample.pdf",37364,"1045c54065638a38221d7bdba2f3971561c6d4331c877dd9a71b23c8ccee5f77","SHA-256"
"GSE158722/04_strategies/B_Plasma_like/B_harmony_patient/UMAP_by_sample.png",39435,"720a072c29b9c13f59294809ec8739a7ffd32d738b9a25552cbaff3b44ad55b5","SHA-256"
"GSE158722/04_strategies/B_Plasma_like/B_harmony_sample/cluster_sample_metrics.csv",1523,"e5ad08baa64741c073fe314af4593e2d198fe3aa5c60c2e271c5d7b6a944d6d5","SHA-256"
"GSE158722/04_strategies/B_Plasma_like/B_harmony_sample/UMAP_by_cluster.pdf",36973,"0508773d5bf041ff0758577ffe99a68533e67307c803de127841ae1995502f41","SHA-256"
"GSE158722/04_strategies/B_Plasma_like/B_harmony_sample/UMAP_by_cluster.png",28165,"bddb72aeebe1dae1cf305729683a9962570d313e70926fb00d1e88af7d694a4f","SHA-256"
"GSE158722/04_strategies/B_Plasma_like/B_harmony_sample/UMAP_by_patient.pdf",37292,"1ecd4f049645522f4222c517eae93fceaee12d20851c460afc35b8a4c829bbb1","SHA-256"
"GSE158722/04_strategies/B_Plasma_like/B_harmony_sample/UMAP_by_patient.png",33006,"5d5dddcca634104e421db3e6cbfde5d91a7807e491c3df325ae4228cf8fabf42","SHA-256"
"GSE158722/04_strategies/B_Plasma_like/B_harmony_sample/UMAP_by_sample.pdf",37475,"0c1145237479f3f15ced43e9030b5aa752b47a87f92b4fce452699a470b613cb","SHA-256"
"GSE158722/04_strategies/B_Plasma_like/B_harmony_sample/UMAP_by_sample.png",38700,"ccd31adc20bd6f1e1d40782c0922f05a47c3bb9d5929195ba49d4f96100ef35a","SHA-256"
"GSE158722/04_strategies/Combined_broad_lineages/A_uncorrected/cluster_sample_metrics.csv",5453,"e91e39fe5088a99cc9a0c3f112d51092ff8eebcf8ed0b934232376b4a0daa10e","SHA-256"
"GSE158722/04_strategies/Combined_broad_lineages/A_uncorrected/UMAP_by_cluster.pdf",1679313,"de968ad845344e23620029cfefbe4edb0000b420c9b8e43a8e8dbe9cc9eed58b","SHA-256"
"GSE158722/04_strategies/Combined_broad_lineages/A_uncorrected/UMAP_by_cluster.png",177791,"cd6598d7b9d400dcb0e3484ecf1befa7449303838ef18aa16ad8d7e1ed6ac1f4","SHA-256"
"GSE158722/04_strategies/Combined_broad_lineages/A_uncorrected/UMAP_by_patient.pdf",1662540,"87f3352501fef00c2f87975f4c41870b9f482828fb8512e4d41976d11e8deacb","SHA-256"
"GSE158722/04_strategies/Combined_broad_lineages/A_uncorrected/UMAP_by_patient.png",212443,"3e388f0639c1b76332e2e44e23766502ca66d2628c4d43ce5df6c2c875f2c2d6","SHA-256"
"GSE158722/04_strategies/Combined_broad_lineages/A_uncorrected/UMAP_by_sample.pdf",1660111,"328e8a4e49d3fcaf079097e5b5939f3e7dd5aaed0c44716204f8077132048691","SHA-256"
"GSE158722/04_strategies/Combined_broad_lineages/A_uncorrected/UMAP_by_sample.png",240922,"86bfa7ac1ce078f9652802fbd583bc94894e57cffd5129473f369c2542991542","SHA-256"
"GSE158722/04_strategies/Combined_broad_lineages/B_harmony_patient/cluster_sample_metrics.csv",2517,"071ab2acef2586948c69e00955d73bc4e867ede73f53dbc12470ea1d1b091546","SHA-256"
"GSE158722/04_strategies/Combined_broad_lineages/B_harmony_patient/UMAP_by_cluster.pdf",1716731,"af738726299a30481ebe9cbd154e70a3cc993243bfc9600fb6d78335fd611a0b","SHA-256"
"GSE158722/04_strategies/Combined_broad_lineages/B_harmony_patient/UMAP_by_cluster.png",212248,"2c1e3aa4f7cc95716e8f93426de664ca6bb1c3a13248d14258a81b4dc25d01b8","SHA-256"
"GSE158722/04_strategies/Combined_broad_lineages/B_harmony_patient/UMAP_by_patient.pdf",1686225,"e3af12ad8c37939465a57607bfea3dd34dddcc660e032e9c78b8fce3f56ab82c","SHA-256"
"GSE158722/04_strategies/Combined_broad_lineages/B_harmony_patient/UMAP_by_patient.png",365603,"10d6e29b7f9a853790f809b230a4cc33e7d9d3f69ea4003cfbdb2f6b92f92557","SHA-256"
"GSE158722/04_strategies/Combined_broad_lineages/B_harmony_patient/UMAP_by_sample.pdf",1681691,"8b9f5ce28c3e4a354d5bceab4776e53016e8a42184d614c41cb10904c5c7ac4c","SHA-256"
"GSE158722/04_strategies/Combined_broad_lineages/B_harmony_patient/UMAP_by_sample.png",389405,"0abeddd6aa2a1b4ce6071cf455eb365b34bc3a6be11b431529628358c21194cc","SHA-256"
"GSE158722/04_strategies/Combined_broad_lineages/B_harmony_sample/cluster_sample_metrics.csv",2584,"868e8cbfc3ed1ff30537a0497f77c5813ee4f3a9f5760945684b185ca96dee2d","SHA-256"
"GSE158722/04_strategies/Combined_broad_lineages/B_harmony_sample/UMAP_by_cluster.pdf",1722093,"afa5a7ecd370459140f31e37824059b4eaf227112aefd59c912cdc01ff69c556","SHA-256"
"GSE158722/04_strategies/Combined_broad_lineages/B_harmony_sample/UMAP_by_cluster.png",213594,"e2edacaa83c4e489fac9c0c0cfefedd69373274a9bd2326d1cac6613f889b94e","SHA-256"
"GSE158722/04_strategies/Combined_broad_lineages/B_harmony_sample/UMAP_by_patient.pdf",1687263,"0276bff51050a2da3e441e3997e421b85657a3156c1c9857e8fa1612ee4572ab","SHA-256"
"GSE158722/04_strategies/Combined_broad_lineages/B_harmony_sample/UMAP_by_patient.png",362069,"fda6d0961fc833238ad6c12bd0bbf7191e6bf062380b20cae9183adaeb25783e","SHA-256"
"GSE158722/04_strategies/Combined_broad_lineages/B_harmony_sample/UMAP_by_sample.pdf",1689494,"e1a4571a4275403b3d4e41ba0d5a4398235a93a388e54b97cd963486e9e26e41","SHA-256"
"GSE158722/04_strategies/Combined_broad_lineages/B_harmony_sample/UMAP_by_sample.png",384261,"0e42cc92f03b9bf88b19de5acbc54db76e4ebe1e7d5ad7e75e78f841d076b63b","SHA-256"
"GSE158722/04_strategies/Cycling_like/A_uncorrected/cluster_sample_metrics.csv",2205,"707bba42b0d933f8922e17f01494dd4744b3da09e5c5abfb7bab9da64d1e9ec3","SHA-256"
"GSE158722/04_strategies/Cycling_like/A_uncorrected/UMAP_by_cluster.pdf",150849,"b718c699d32a8fed175dbcf5e0d1295031b6a28aad0712e4e87fc7110e0f6e3f","SHA-256"
"GSE158722/04_strategies/Cycling_like/A_uncorrected/UMAP_by_cluster.png",38968,"6fe6c7cd5725c34cbb4cb6cd0a576b13ca681b6ad763848995d3c72dba097a72","SHA-256"
"GSE158722/04_strategies/Cycling_like/A_uncorrected/UMAP_by_patient.pdf",150203,"185d4be7530a9e99d5edbad3edfc10762793f29357295e710b09b8a6891932a2","SHA-256"
"GSE158722/04_strategies/Cycling_like/A_uncorrected/UMAP_by_patient.png",65180,"a8c011c45c1a1c7ab0a58d3276dc5873982e9d75aeeb60d46d896f23cba7ec7f","SHA-256"
"GSE158722/04_strategies/Cycling_like/A_uncorrected/UMAP_by_sample.pdf",151176,"e04785fda2267c5ff7d5d4352ee0d2c1c4380f64b42ecc7345c20bee5d99fa04","SHA-256"
"GSE158722/04_strategies/Cycling_like/A_uncorrected/UMAP_by_sample.png",88166,"dc11214e6b170b30225cdc7fc5965018cf56dd1808fb455e3d8b90aa9465ecba","SHA-256"
"GSE158722/04_strategies/Cycling_like/B_harmony_patient/cluster_sample_metrics.csv",1642,"82293f5477c3bae4ad955cf703e087cb5183cfa5977c616cfb11a7eace40649b","SHA-256"
"GSE158722/04_strategies/Cycling_like/B_harmony_patient/UMAP_by_cluster.pdf",154245,"84bd6a23a2eeceda34afa3e9f383d186c0def37a57341a78da796a8957299b51","SHA-256"
"GSE158722/04_strategies/Cycling_like/B_harmony_patient/UMAP_by_cluster.png",38107,"a0e59111d0d6fecff75c0add46d867d6f88b9640a1ce637a67d97f257fbc1175","SHA-256"
"GSE158722/04_strategies/Cycling_like/B_harmony_patient/UMAP_by_patient.pdf",152562,"38b86abd6e618acd2d905d391763f2e9f80bdf43ed4789d49d3c3e1f8266661e","SHA-256"
"GSE158722/04_strategies/Cycling_like/B_harmony_patient/UMAP_by_patient.png",72866,"e9473d48c3acf524906c5769d67ce82b151ff4649e5f969f411e50255a8d3e0a","SHA-256"
"GSE158722/04_strategies/Cycling_like/B_harmony_patient/UMAP_by_sample.pdf",153052,"be8b245f30e2eee95960545bd184c69fc55754d9c530cfc6d8821b4582eb1c16","SHA-256"
"GSE158722/04_strategies/Cycling_like/B_harmony_patient/UMAP_by_sample.png",96995,"467fb4c7ef7bdcf50dfe6da2793111315d43b29721000517d3ad95f0b03bce72","SHA-256"
"GSE158722/04_strategies/Cycling_like/B_harmony_sample/cluster_sample_metrics.csv",1584,"4ccc0b39f7549df3ac3dffeefab0e950a9034df15a45ef3154dbace81dee4084","SHA-256"
"GSE158722/04_strategies/Cycling_like/B_harmony_sample/UMAP_by_cluster.pdf",154765,"81698dc4831d5fb74be0cbc130e3457d6ec326e05122a25d9e056063abfe6398","SHA-256"
"GSE158722/04_strategies/Cycling_like/B_harmony_sample/UMAP_by_cluster.png",40093,"a26e924127596b98582af989cd337d4d9b5609c8487cdf9fb4e46d8a3bd5a005","SHA-256"
"GSE158722/04_strategies/Cycling_like/B_harmony_sample/UMAP_by_patient.pdf",152680,"f3c5f71e0386f35a6258c0666cdf34214d05773d5225bf476786449c70f287db","SHA-256"
"GSE158722/04_strategies/Cycling_like/B_harmony_sample/UMAP_by_patient.png",73143,"78d0483b21791ea2da7c9e93430d72358b0919d5ac21e82a3408cde0ba672266","SHA-256"
"GSE158722/04_strategies/Cycling_like/B_harmony_sample/UMAP_by_sample.pdf",153631,"693137d72d025765d4514fd3805c0be16cec3fb5636eeedfd03f71e95606627f","SHA-256"
"GSE158722/04_strategies/Cycling_like/B_harmony_sample/UMAP_by_sample.png",98454,"2e1ee3c8318cf5d5cda0e3bb0f199465dc79e84737cbe0662c12de80cd41d606","SHA-256"
"GSE158722/04_strategies/Epithelial_like/A_uncorrected/cluster_sample_metrics.csv",5141,"2a14be86a01292e780b273023095b41c7d98e928f318eb98836736a5920aa5b9","SHA-256"
"GSE158722/04_strategies/Epithelial_like/A_uncorrected/UMAP_by_cluster.pdf",1681371,"07425dad8388e2e7151042eb9ddf5fe47e6600800dad644176da837dde01aa41","SHA-256"
"GSE158722/04_strategies/Epithelial_like/A_uncorrected/UMAP_by_cluster.png",201212,"5cc835f1d6c7ee4dee2ce325dd9673fbe2b10a4d263bc036c0eb6a2f9a2c67fc","SHA-256"
"GSE158722/04_strategies/Epithelial_like/A_uncorrected/UMAP_by_patient.pdf",1666418,"2e309ed252554924796101cb5c3a6417d37755795a334fcd0bcab146d2077c84","SHA-256"
"GSE158722/04_strategies/Epithelial_like/A_uncorrected/UMAP_by_patient.png",230682,"d4e6d24f697f86c864b4ddb6e88a7f8531f3abbc70e2916b9d235906e6b79214","SHA-256"
"GSE158722/04_strategies/Epithelial_like/A_uncorrected/UMAP_by_sample.pdf",1662895,"399ee003175cccf3131d44dbbfe58802f0568427482a4edb66f8d0b3feb23d72","SHA-256"
"GSE158722/04_strategies/Epithelial_like/A_uncorrected/UMAP_by_sample.png",264462,"ed4f42c8245e09f93fead509d8d30e9f60ad588f306fdf2fa398f010e76e74d5","SHA-256"
"GSE158722/04_strategies/Epithelial_like/B_harmony_patient/cluster_sample_metrics.csv",1963,"8d9a43ff097fbfeb82326bd2af37e6b9669e8c199a0846b349976f70b34c4a76","SHA-256"
"GSE158722/04_strategies/Epithelial_like/B_harmony_patient/UMAP_by_cluster.pdf",1717603,"36f0992fa064781eab8fc878c3372aec2d16090839d11deb4f7df6f7c387c14d","SHA-256"
"GSE158722/04_strategies/Epithelial_like/B_harmony_patient/UMAP_by_cluster.png",230117,"69babedcfb3aabdfb2bdee45c5c61212732725e5157de7558cfdfe6feca7d64a","SHA-256"
"GSE158722/04_strategies/Epithelial_like/B_harmony_patient/UMAP_by_patient.pdf",1689466,"bbfe46c9da54ad5ed8ce9e14ded0f80b6969cbfb7c97ee72ad7c0e48c12c0f99","SHA-256"
"GSE158722/04_strategies/Epithelial_like/B_harmony_patient/UMAP_by_patient.png",382966,"38a08ccdda01ba5af44db7cbbc800189a392148a0a8077e36053afb4cde2cdcc","SHA-256"
"GSE158722/04_strategies/Epithelial_like/B_harmony_patient/UMAP_by_sample.pdf",1688089,"3f10015c9f1783b2f4f03237a7d45254c39f80556228c3b4fc6eb8e6fef8101b","SHA-256"
"GSE158722/04_strategies/Epithelial_like/B_harmony_patient/UMAP_by_sample.png",418137,"3355dc523f5eaf10f140236afc4bc4446e13fd77991f7a5c6ec98e4891d4074e","SHA-256"
"GSE158722/04_strategies/Epithelial_like/B_harmony_sample/cluster_sample_metrics.csv",1811,"3b4d317383a61b68faee1c791c1473d3708ee1907b54e639f960b334d5e8a119","SHA-256"
"GSE158722/04_strategies/Epithelial_like/B_harmony_sample/UMAP_by_cluster.pdf",1716168,"ee2b3f79227848be89e856497d45a57b317adaf43c3e58be1911b4ba4628296b","SHA-256"
"GSE158722/04_strategies/Epithelial_like/B_harmony_sample/UMAP_by_cluster.png",221202,"ca1cfb56bb6f847881c0e0e9613c4796ac47ac0e7d6c71061d4bf403dfdedceb","SHA-256"
"GSE158722/04_strategies/Epithelial_like/B_harmony_sample/UMAP_by_patient.pdf",1686876,"7a8f3d5992638003f7e2716d05337cf876ba595ae90be2029f93a8f3ec0dce1b","SHA-256"
"GSE158722/04_strategies/Epithelial_like/B_harmony_sample/UMAP_by_patient.png",372703,"8e54d84f8a014de41e8945122514f5eaa9062c245aa53ed704516674415967ac","SHA-256"
"GSE158722/04_strategies/Epithelial_like/B_harmony_sample/UMAP_by_sample.pdf",1686826,"412d4796233b82b4852ce745371e4d28434fbc65680cb6badfbd8ef09b224680","SHA-256"
"GSE158722/04_strategies/Epithelial_like/B_harmony_sample/UMAP_by_sample.png",406561,"747da2ab707bd92ef754984de601a4269dd1bb851df3670c3a407412d03f78b0","SHA-256"
"GSE158722/04_strategies/Fibroblast_like/A_uncorrected/cluster_sample_metrics.csv",1485,"6fb0628d700a27478bd627109b83a76427576d1312790992a453b145a279c5bd","SHA-256"
"GSE158722/04_strategies/Fibroblast_like/A_uncorrected/UMAP_by_cluster.pdf",135624,"9f8912aae8430b882a1837eba953f82ff0ca595f96e56273e8047d7f682d1e34","SHA-256"
"GSE158722/04_strategies/Fibroblast_like/A_uncorrected/UMAP_by_cluster.png",39124,"fa38df0be3b58a0ae3ea783ad46eca649e2535c5e9dabc1495bad7fcde8cbeb7","SHA-256"
"GSE158722/04_strategies/Fibroblast_like/A_uncorrected/UMAP_by_patient.pdf",134628,"c6c9b1d10859ebd741aa85da001205a46a3a4d3a09467ad9abb9b42d95d4b4c7","SHA-256"
"GSE158722/04_strategies/Fibroblast_like/A_uncorrected/UMAP_by_patient.png",45944,"4e1d6c522c4892b4152c76debb778bb66e11ed6c6b08b865f9e3f92e01f3bdbd","SHA-256"
"GSE158722/04_strategies/Fibroblast_like/A_uncorrected/UMAP_by_sample.pdf",134787,"ff167f871ce76f127a163273dc5f2ac95ff1f3172b882067fafd061cbfaaa859","SHA-256"
"GSE158722/04_strategies/Fibroblast_like/A_uncorrected/UMAP_by_sample.png",83795,"31444ba8520aa5fd4f0e957e0218541e948fd6da016a02d24a09a2c8068a1255","SHA-256"
"GSE158722/04_strategies/Fibroblast_like/B_harmony_patient/cluster_sample_metrics.csv",1450,"83dbe701ac44ba40a4c421d0f462cce767213887e29c04268ef4b2c62376d65e","SHA-256"
"GSE158722/04_strategies/Fibroblast_like/B_harmony_patient/UMAP_by_cluster.pdf",138379,"8aa9b8be85c41b5cd8766a6786a1092aad7b7eef5f63e97028bfe7f798375ea1","SHA-256"
"GSE158722/04_strategies/Fibroblast_like/B_harmony_patient/UMAP_by_cluster.png",36490,"e20be46d6c1cfb11b1a6247f811c6ddf774e60c9f85fa4ce8243a0fc3684c375","SHA-256"
"GSE158722/04_strategies/Fibroblast_like/B_harmony_patient/UMAP_by_patient.pdf",136226,"a664317adc707de5cdb4d4817c5a4863af1f8a1a00078c7615530ee0f8bb71dd","SHA-256"
"GSE158722/04_strategies/Fibroblast_like/B_harmony_patient/UMAP_by_patient.png",69911,"2b7d382d4515e65730040ec13781bf34b074f1fa34c20805549d10ad1b446a90","SHA-256"
"GSE158722/04_strategies/Fibroblast_like/B_harmony_patient/UMAP_by_sample.pdf",136110,"21e4ca8e19e95f7ee82edeedbb1743fe36ef81bbcdd412fee402bcbb3073ced6","SHA-256"
"GSE158722/04_strategies/Fibroblast_like/B_harmony_patient/UMAP_by_sample.png",87419,"0955f49557c6f7765fd3c0c4c96b531007e20251c73355f2f6e4499970a6cede","SHA-256"
"GSE158722/04_strategies/Fibroblast_like/B_harmony_sample/cluster_sample_metrics.csv",1439,"4d6c8922c459797ca53363beec3d2daf6349cc5da899ebc2030cb449054ef856","SHA-256"
"GSE158722/04_strategies/Fibroblast_like/B_harmony_sample/UMAP_by_cluster.pdf",137866,"e008c295afbe43d198e782b90c497fae876b15f997eb02de673fbb58ff5d6912","SHA-256"
"GSE158722/04_strategies/Fibroblast_like/B_harmony_sample/UMAP_by_cluster.png",38529,"fb92b15d04b0ba275f83d8908820d24104a609d204d153ba405d2057be405c90","SHA-256"
"GSE158722/04_strategies/Fibroblast_like/B_harmony_sample/UMAP_by_patient.pdf",135625,"5df1371667ea9f477e3e455c59b83c39ff640747195ba8abaeb97b5fb529f39e","SHA-256"
"GSE158722/04_strategies/Fibroblast_like/B_harmony_sample/UMAP_by_patient.png",69881,"dceba18e8dfc655dd98fc70481f77352f0a8ec11b315a97412d6e4822c3a060c","SHA-256"
"GSE158722/04_strategies/Fibroblast_like/B_harmony_sample/UMAP_by_sample.pdf",136179,"a4a8abc21fe1e0285d3968e2ff3ff221bf17641869214a7a83a9f0d6ddc9d14b","SHA-256"
"GSE158722/04_strategies/Fibroblast_like/B_harmony_sample/UMAP_by_sample.png",87460,"45625c555de199b702d1f08c8e9e003e9d8bc7bce8dfa26e165c1edfded205cf","SHA-256"
"GSE158722/04_strategies/Myeloid_like/A_uncorrected/cluster_sample_metrics.csv",1667,"2add64c40b18efb265f61d71fda58718240a96e30cd31b31358728f23cf38509","SHA-256"
"GSE158722/04_strategies/Myeloid_like/A_uncorrected/UMAP_by_cluster.pdf",223616,"22875751b12e4a1814ba6da764b8e77d65165fb581d3c4442ef29bb9c816ce94","SHA-256"
"GSE158722/04_strategies/Myeloid_like/A_uncorrected/UMAP_by_cluster.png",44525,"712db46b7c40f06c5dc8222257745ce6adee7cd734463c582e3c6ba99172b01f","SHA-256"
"GSE158722/04_strategies/Myeloid_like/A_uncorrected/UMAP_by_patient.pdf",219389,"d0313d6f9e949f565199ebdbcc9118251ea0e1b74fee8dd3d5e7b1da4663fdbc","SHA-256"
"GSE158722/04_strategies/Myeloid_like/A_uncorrected/UMAP_by_patient.png",50582,"5252b34a2aefe9889cb8e12bc555d9c0435673fec932324c1d23e33de07f6588","SHA-256"
"GSE158722/04_strategies/Myeloid_like/A_uncorrected/UMAP_by_sample.pdf",219137,"71801ff6fa305316230c87075c923844a241d36373a7f637887a2bcec910d91e","SHA-256"
"GSE158722/04_strategies/Myeloid_like/A_uncorrected/UMAP_by_sample.png",58614,"5bfa573c260d90b5f44190984de4f8e1af7d8b6f8db544d20b35b7b83d7c92ea","SHA-256"
"GSE158722/04_strategies/Myeloid_like/B_harmony_patient/cluster_sample_metrics.csv",1390,"9678c641c6fc37a00b14887ba475951a09e07645d17699897a29bfd765b3075e","SHA-256"
"GSE158722/04_strategies/Myeloid_like/B_harmony_patient/UMAP_by_cluster.pdf",223512,"eeaf58b4cb1703aff236f46d4343946ff55c13f439eae5344d95e7e7e9b2a278","SHA-256"
"GSE158722/04_strategies/Myeloid_like/B_harmony_patient/UMAP_by_cluster.png",47773,"776b66ba7b1416e80c283326e75d23770d7702e7877f7bce51c99baf160daf6b","SHA-256"
"GSE158722/04_strategies/Myeloid_like/B_harmony_patient/UMAP_by_patient.pdf",220043,"5bd4190065ce9754b76316354d3ed949501666ac98059c5f2da5ef1f0f10a521","SHA-256"
"GSE158722/04_strategies/Myeloid_like/B_harmony_patient/UMAP_by_patient.png",54108,"da3beed06a53cd98c44c36b919a03d0c3240f54094f640b66c2ae345cf95e438","SHA-256"
"GSE158722/04_strategies/Myeloid_like/B_harmony_patient/UMAP_by_sample.pdf",219622,"fcb9050d44a60e1d469ef9f1a5b5c2c53bd3af05fb16da148dc0fd0ef6837564","SHA-256"
"GSE158722/04_strategies/Myeloid_like/B_harmony_patient/UMAP_by_sample.png",61612,"77cf2b109551ecabda577e098e4557bd815c200ed938a93060b16e85d8a2767a","SHA-256"
"GSE158722/04_strategies/Myeloid_like/B_harmony_sample/cluster_sample_metrics.csv",1344,"34e6ad8a7c35a1c33bbba5b0d07041aebc65d68b416bc9daec0d6856e5861d1e","SHA-256"
"GSE158722/04_strategies/Myeloid_like/B_harmony_sample/UMAP_by_cluster.pdf",224919,"a03cd37d537c1244706af1fca7bc3c64f919f41e860b91892a8a029cb41ff5ee","SHA-256"
"GSE158722/04_strategies/Myeloid_like/B_harmony_sample/UMAP_by_cluster.png",47159,"3cd35f4779d848a1dbfd9ed73347e545b4c23d643703da6a4ce15ca4cc295838","SHA-256"
"GSE158722/04_strategies/Myeloid_like/B_harmony_sample/UMAP_by_patient.pdf",220582,"5b37a88e1168eebcbd6526f08f14cf2bfb5b9aeb114c6abfbf423deadc44a736","SHA-256"
"GSE158722/04_strategies/Myeloid_like/B_harmony_sample/UMAP_by_patient.png",52950,"6d60e688bc307d434bfc4f881f47a29dfaacee6e0ec0d386fe47672750300184","SHA-256"
"GSE158722/04_strategies/Myeloid_like/B_harmony_sample/UMAP_by_sample.pdf",220168,"bbcf7abd6757f6fb7d286f88d43a5440ac0d82f63335ecb30c1ab6bc120d73b8","SHA-256"
"GSE158722/04_strategies/Myeloid_like/B_harmony_sample/UMAP_by_sample.png",93635,"ad2a42477c2004f22c2c4cc51ddab97b73dc4c120ea4530d00a6b5c6ff9dc80b","SHA-256"
"GSE158722/04_strategies/T_NK_like/A_uncorrected/cluster_sample_metrics.csv",1273,"51ccdfaecabdb699e06544623b9b08759ec2bf64eac3498100b2bdd6ef6045bf","SHA-256"
"GSE158722/04_strategies/T_NK_like/A_uncorrected/UMAP_by_cluster.pdf",139971,"a4c26a7ab05e0ce1a4eae36eb858635d2848c19f8c1e14d2b910e281cba03d7e","SHA-256"
"GSE158722/04_strategies/T_NK_like/A_uncorrected/UMAP_by_cluster.png",40391,"aef2342c10db6e4716b073de18d5b1d6fac1331383cb2728894982a57f9ceb84","SHA-256"
"GSE158722/04_strategies/T_NK_like/A_uncorrected/UMAP_by_patient.pdf",138084,"02eb9c400a5dc8d50cbe28b091e635600a502ab0785d52be2ca45ab52f08497e","SHA-256"
"GSE158722/04_strategies/T_NK_like/A_uncorrected/UMAP_by_patient.png",47442,"6e7de50b358a9c7b0efbc72f849eb1bbcee46e8d91321611f393dc549ba06650","SHA-256"
"GSE158722/04_strategies/T_NK_like/A_uncorrected/UMAP_by_sample.pdf",137749,"3c91c1404a48198bc02949dc23a0448508af21ba7f5a90bcfe6a61bba8646020","SHA-256"
"GSE158722/04_strategies/T_NK_like/A_uncorrected/UMAP_by_sample.png",52227,"1e6a75654cc9e7a215d54daa0ac30bd46352d7e29846bbee17607ba6e021b382","SHA-256"
"GSE158722/04_strategies/T_NK_like/B_harmony_patient/cluster_sample_metrics.csv",1588,"971d81954cc0d4ed1e92c1a9323f02d0627853b1b0d68b9f12cca0e954e6b65d","SHA-256"
"GSE158722/04_strategies/T_NK_like/B_harmony_patient/UMAP_by_cluster.pdf",141489,"226edbba946e3c5a7441c2ecf94cadf4d5e2e4aba9828f2dedf12e9b7a5cc45a","SHA-256"
"GSE158722/04_strategies/T_NK_like/B_harmony_patient/UMAP_by_cluster.png",39732,"33df136f257603e85dbc99f0b00feead1dbe0a40353d5fcf4854efd694a96fda","SHA-256"
"GSE158722/04_strategies/T_NK_like/B_harmony_patient/UMAP_by_patient.pdf",139055,"38d8a9c50b11ab9ae053914b56105364eacd1298be9d9cd553359fadbfb1f9df","SHA-256"
"GSE158722/04_strategies/T_NK_like/B_harmony_patient/UMAP_by_patient.png",42612,"a9b42c6dcba96283129546d41cadd27bdc53bf02c80f9eefe0a74cd303f748aa","SHA-256"
"GSE158722/04_strategies/T_NK_like/B_harmony_patient/UMAP_by_sample.pdf",139104,"7dccd0901a495ef2f1f3bb4239f52d15cddedbe5fc2955b52eb22303e3463ff3","SHA-256"
"GSE158722/04_strategies/T_NK_like/B_harmony_patient/UMAP_by_sample.png",50990,"62d1e15ef57454047fd1c5563195670555d245738733c437fa1b28c90aa24cac","SHA-256"
"GSE158722/04_strategies/T_NK_like/B_harmony_sample/cluster_sample_metrics.csv",1781,"45c68d202eaa0d4433bd8842ab5775e349252d5e5fe00bf5f438ffe42c2dc720","SHA-256"
"GSE158722/04_strategies/T_NK_like/B_harmony_sample/UMAP_by_cluster.pdf",140746,"ec49d1e1df61a32f56810e72f6c58e72ab289fc38a0bc5911b89379984acd94c","SHA-256"
"GSE158722/04_strategies/T_NK_like/B_harmony_sample/UMAP_by_cluster.png",38370,"80a61854ef85423cdac8eef22228a5b2ab18a8eb9f84f8ab6a5602088ce3cda5","SHA-256"
"GSE158722/04_strategies/T_NK_like/B_harmony_sample/UMAP_by_patient.pdf",138390,"1b61a8d40d394cd3aaa0b5be47358ea05e2b88c36b187b13ad29450a926a3cc9","SHA-256"
"GSE158722/04_strategies/T_NK_like/B_harmony_sample/UMAP_by_patient.png",42926,"d42d602bbb267ac76c8cea937549e21dd790e885209c8098c2f4bbe498f0ec18","SHA-256"
"GSE158722/04_strategies/T_NK_like/B_harmony_sample/UMAP_by_sample.pdf",138221,"e17d4d8ce0dcc599df5fe1f7e0fe023a36f0eebcb3f583fb22d12e3a98556040","SHA-256"
"GSE158722/04_strategies/T_NK_like/B_harmony_sample/UMAP_by_sample.png",48893,"e4a868123c51fb14271d946b36b8ebac7d4dc697ca19cf18374a905d21cd2b42","SHA-256"
"GSE158722/05_markers/broad_marker_dotplot.pdf",231326,"f18234e6e25df60d05e6b456a59a26b59aac719e98dbd6af0390c6997aa98823","SHA-256"
"GSE158722/05_markers/broad_marker_dotplot.png",561688,"2189bfd5b52bd4c547896fb4ad9151dbc58b475c88e61fa232033cd3bb5227dd","SHA-256"
"GSE158722/05_markers/manual_annotation_template.csv",16315,"14acefdda04d9b417feb18d5863bb740c7cf5a172a775c99870c2a7f7e996b6b","SHA-256"
"GSE158722/05_markers/marker_run_audit.csv",818,"5179c158d5db15acdc95849a1b7dcd7774eaa695388b8582d0f453ded1dab28c","SHA-256"
"GSE158722/05_markers/sessionInfo.txt",3130,"0f564e2b064881dffeff53c647dc6045159bb2a90eec3582fe7dffe782b53282","SHA-256"
"GSE158722/05_markers/strategy_marker_sensitivity/B_Plasma_like/A_uncorrected/top20_markers_per_cluster.csv",15856,"c75a501427cfcba7f124df901570d3b6ec1f8ac7480b926a231c2551c5c0b92d","SHA-256"
"GSE158722/05_markers/strategy_marker_sensitivity/B_Plasma_like/B_harmony_patient/top20_markers_per_cluster.csv",16480,"2ce6887560f448480276aea56653e9a88d4a4654e8b6dffbaef8ec4e604e4459","SHA-256"
"GSE158722/05_markers/strategy_marker_sensitivity/Cycling_like/A_uncorrected/top20_markers_per_cluster.csv",29118,"60aebb9e797e5eb453bbc5c73cc2ecf2394502a2e1eaf4882e3906f13139daeb","SHA-256"
"GSE158722/05_markers/strategy_marker_sensitivity/Cycling_like/B_harmony_sample/top20_markers_per_cluster.csv",20288,"eebfd84e5d92b94f8c3bd4b0a2017aa3c95d8bf66ab1d7b91a11878838f57672","SHA-256"
"GSE158722/05_markers/strategy_marker_sensitivity/Epithelial_like/A_uncorrected/top20_markers_per_cluster.csv",56560,"0dbdfccc0809491a13c6645e7bd5139a455003b40180e3f750f7a69be315475b","SHA-256"
"GSE158722/05_markers/strategy_marker_sensitivity/Fibroblast_like/A_uncorrected/top20_markers_per_cluster.csv",18167,"d7f9fb35561d3888d4efd3e1263c09be53dfa64786d6bee86b52883bc1c94c3c","SHA-256"
"GSE158722/05_markers/strategy_marker_sensitivity/Myeloid_like/A_uncorrected/top20_markers_per_cluster.csv",20186,"c3516e52c6698292a57a9bd610f2785cee2a168e1bdeacb5b5682fc67d15a59b","SHA-256"
"GSE158722/05_markers/strategy_marker_sensitivity/T_NK_like/A_uncorrected/top20_markers_per_cluster.csv",17546,"e5b1618d548fa92abb2fdec6706cace9d8cabafc38a14a268bf4c01f97ad60f3","SHA-256"
"GSE158722/05_markers/strategy_marker_sensitivity/T_NK_like/B_harmony_patient/top20_markers_per_cluster.csv",20171,"9e00642e1d65de3c785fb51490185cc1206bf66d98403bd00539c0420b9a76d7","SHA-256"
"GSE158722/05_markers/top_marker_heatmap.pdf",346072,"56a3e8804c57d1c645b3e6f1e6f32d17c4d4fb7bbe7a5116c0281219ef76b27a","SHA-256"
"GSE158722/05_markers/top_marker_heatmap.png",457496,"6765a2bf942d38e27f34fd90a16e3cea88e71ae3e85112ef5b11af25a510022e","SHA-256"
"GSE158722/05_markers/top_marker_overlap_by_lineage.csv",533,"5020c254833c0c08c7a82a6135f2338c21cf3d1c4c6cf69ae3b586e4896dbb2b","SHA-256"
"GSE158722/05_markers/top100_markers_per_cluster.csv",768701,"fe0ef6395c1baae0f829e65066d1268ba491253579fc44b72b45edf19c6654fc","SHA-256"
"GSE158722/05_markers/top20_markers_per_cluster.csv",151587,"174e359b36a983daeb2b0a349a34d44c88d7a97331c016b2cabdf5d021c02de0","SHA-256"
"GSE158722/05_markers/top50_markers_per_cluster.csv",380880,"dd4047f8cfc5aa60398d50ac9c3efefdfb1bbb766e81900d9c608f9642f872a9","SHA-256"
"logs/01_forensic_audit.log",14008,"e72ab58fe22110f9f8014e937bad94d81fef27108c15890aaddf00365bec2e8d","SHA-256"
"logs/01_forensic_audit.state.json",689,"6e8edf5c1068148dd77fe562cf059bf67c80c370a4a31fe1d45a9a70b20a99f3","SHA-256"
"logs/01_forensic_audit.stderr.log",14008,"e72ab58fe22110f9f8014e937bad94d81fef27108c15890aaddf00365bec2e8d","SHA-256"
"logs/01_forensic_audit.stdout.log",0,"e3b0c44298fc1c149afbf4c8996fb92427ae41e4649b934ca495991b7852b855","SHA-256"
"logs/01_forensic_audit_current_results.log",29032,"648e0ffb284095362be9409373da9dea73f13cafcf449f78bfcdc46602986c80","SHA-256"
"logs/02_diagnose_and_fix_mito_features.log",1366,"f87eb42b96389ef9541e6fff9603ce0338e159aabecd3149452a0d9b35ca6798","SHA-256"
"logs/02_diagnose_and_fix_mito_features_resume_GSE158722.log",1176,"a58465046f83a3ba48b17d9e71697b32c3722bf521623c075d7cb19b26e53d59","SHA-256"
"logs/02_mitochondrial_qc.log",1211,"08b68afb593aa452062e34e37042c1cfe4c461d7f992c66783271fece92c9a8a","SHA-256"
"logs/02_mitochondrial_qc.state.json",693,"84ed7ad370676dc5590e5a4f4b8386b28b4785c4b3267acb8149651370fbef79","SHA-256"
"logs/02_mitochondrial_qc.stderr.log",1211,"08b68afb593aa452062e34e37042c1cfe4c461d7f992c66783271fece92c9a8a","SHA-256"
"logs/02_mitochondrial_qc.stdout.log",0,"e3b0c44298fc1c149afbf4c8996fb92427ae41e4649b934ca495991b7852b855","SHA-256"
"logs/02_mt_qc_GSE158722_join_resume.stderr.log",865,"6c2da017b88b56117a83c3a8e18fd0e9aa530a6e3efc22cd73d53c83280f7951","SHA-256"
"logs/02_mt_qc_GSE158722_join_resume.stdout.log",0,"e3b0c44298fc1c149afbf4c8996fb92427ae41e4649b934ca495991b7852b855","SHA-256"
"logs/02_mt_qc_GSE158722_raw_resume.stderr.log",2629,"3e5de01709f6ffe8da1e8dc1e1c8bd7713c4ae6b580f3c61352aadadef7c4750","SHA-256"
"logs/02_mt_qc_GSE158722_raw_resume.stdout.log",0,"e3b0c44298fc1c149afbf4c8996fb92427ae41e4649b934ca495991b7852b855","SHA-256"
"logs/03_dominance_GSE154600.log",0,"e3b0c44298fc1c149afbf4c8996fb92427ae41e4649b934ca495991b7852b855","SHA-256"
"logs/03_dominance_GSE158722_test.log",0,"e3b0c44298fc1c149afbf4c8996fb92427ae41e4649b934ca495991b7852b855","SHA-256"
"logs/03_sample_dominance.log",83,"c69789f35e41c92933be3887781ef95f2717f803a2154063862d560b84c0614d","SHA-256"
"logs/03_sample_dominance.state.json",715,"ec8a8c0f917e6b57b2554ff72a7da58242416971141e2f32a84dc42299746442","SHA-256"
"logs/03_sample_dominance.stderr.log",83,"c69789f35e41c92933be3887781ef95f2717f803a2154063862d560b84c0614d","SHA-256"
"logs/03_sample_dominance.stdout.log",0,"e3b0c44298fc1c149afbf4c8996fb92427ae41e4649b934ca495991b7852b855","SHA-256"
"logs/04_broad_lineages_GSE154600.log",219,"db1480a0ebd8c9c381965ed6018381878813411dbce4e037d0d7cac6bf5d25bc","SHA-256"
"logs/04_broad_lineages_GSE154600.state.json",722,"4e2fb288b0d925fb79d307fc0ae86725ba77d8d7271babd8ce9d22de64e97e98","SHA-256"
"logs/04_broad_lineages_GSE154600.stderr.log",219,"db1480a0ebd8c9c381965ed6018381878813411dbce4e037d0d7cac6bf5d25bc","SHA-256"
"logs/04_broad_lineages_GSE154600.stdout.log",0,"e3b0c44298fc1c149afbf4c8996fb92427ae41e4649b934ca495991b7852b855","SHA-256"
"logs/04_broad_lineages_GSE158722.log",219,"a28eef663d42df8ec8afd70c84bf94ee855c66b10ab0b86abb3f2d5a0ae9654f","SHA-256"
"logs/04_broad_lineages_GSE158722.state.json",722,"4035470575619194f85c8f39dd7c8b4eac90748a0ee40380b162c194a38b7e37","SHA-256"
"logs/04_broad_lineages_GSE158722.stderr.log",219,"a28eef663d42df8ec8afd70c84bf94ee855c66b10ab0b86abb3f2d5a0ae9654f","SHA-256"
"logs/04_broad_lineages_GSE158722.stdout.log",0,"e3b0c44298fc1c149afbf4c8996fb92427ae41e4649b934ca495991b7852b855","SHA-256"
"logs/05_batch_strategies_GSE154600.log",6575,"e36fe173b58a34fd3c89188b35e5547c31d3063182c34f2cbb0eb06f3d6c2433","SHA-256"
"logs/05_batch_strategies_GSE154600.state.json",716,"87e8199fe3e1c35d7a89ce5069fedb64a5cbd23d83ad8a66e413ed77e652b33e","SHA-256"
"logs/05_batch_strategies_GSE154600.stderr.log",6575,"e36fe173b58a34fd3c89188b35e5547c31d3063182c34f2cbb0eb06f3d6c2433","SHA-256"
"logs/05_batch_strategies_GSE154600.stdout.log",0,"e3b0c44298fc1c149afbf4c8996fb92427ae41e4649b934ca495991b7852b855","SHA-256"
"logs/05_batch_strategies_GSE158722.log",2758,"c4a40d94fc91d1dc4aac4f0793dfa9ead81483869d22138baadc33f920347c38","SHA-256"
"logs/05_batch_strategies_GSE158722.state.json",716,"cc08895355fdf39c2e68a88b09c345ef89795314723ff9fb6e7dab5f083b2695","SHA-256"
"logs/05_batch_strategies_GSE158722.stderr.log",2758,"c4a40d94fc91d1dc4aac4f0793dfa9ead81483869d22138baadc33f920347c38","SHA-256"
"logs/05_batch_strategies_GSE158722.stdout.log",0,"e3b0c44298fc1c149afbf4c8996fb92427ae41e4649b934ca495991b7852b855","SHA-256"
"logs/05_parse_check.log",31332,"37208e851fb6453b21d0e567864e64f0cdbd50b6b0ab430c3f59379e9977c1b6","SHA-256"
"logs/06_strategy_evaluation.log",36,"784576ae3aeba6ebce7de38ffd3bbad7ea503dac6cc4cbbef061d19b28c2888c","SHA-256"
"logs/06_strategy_evaluation.state.json",723,"ca276a083f57871e65f80bf0a9902cb02442fb4f74b0d3c16a165c452511edb8","SHA-256"
"logs/06_strategy_evaluation.stderr.log",36,"784576ae3aeba6ebce7de38ffd3bbad7ea503dac6cc4cbbef061d19b28c2888c","SHA-256"
"logs/06_strategy_evaluation.stdout.log",0,"e3b0c44298fc1c149afbf4c8996fb92427ae41e4649b934ca495991b7852b855","SHA-256"
"logs/07_rna_markers_GSE154600.log",1022,"ec7cb76273b1d6e26bcefd48b4bf61a2c8d65e9620f587a871cac20d2db96987","SHA-256"
"logs/07_rna_markers_GSE154600.state.json",710,"cd508f1f3490cf8e0e6a3db1a4b0ee3bf230339a1fb50d5ea44cd024eecc7ed9","SHA-256"
"logs/07_rna_markers_GSE154600.stderr.log",1022,"ec7cb76273b1d6e26bcefd48b4bf61a2c8d65e9620f587a871cac20d2db96987","SHA-256"
"logs/07_rna_markers_GSE154600.stdout.log",0,"e3b0c44298fc1c149afbf4c8996fb92427ae41e4649b934ca495991b7852b855","SHA-256"
"logs/07_rna_markers_GSE158722.log",858,"dfea4ff1aa7e474b3b45a2989cef56ab0a2c52009fe311e58fe97edb4ef4712f","SHA-256"
"logs/07_rna_markers_GSE158722.state.json",710,"142cd3557730e0a41fc7ea9f4426d7a8470d519caf7d1dc96f4dc4d47a1d05b4","SHA-256"
"logs/07_rna_markers_GSE158722.stderr.log",858,"dfea4ff1aa7e474b3b45a2989cef56ab0a2c52009fe311e58fe97edb4ef4712f","SHA-256"
"logs/07_rna_markers_GSE158722.stdout.log",0,"e3b0c44298fc1c149afbf4c8996fb92427ae41e4649b934ca495991b7852b855","SHA-256"
"logs/08_review_package.state.json",666,"f89d048b5abe46fe75547b709a5cf41189c2ca2899d27932325aca3ad35f1c39","SHA-256"
"logs/08_review_package.stderr.log",0,"e3b0c44298fc1c149afbf4c8996fb92427ae41e4649b934ca495991b7852b855","SHA-256"
"logs/08_review_package.stdout.log",0,"e3b0c44298fc1c149afbf4c8996fb92427ae41e4649b934ca495991b7852b855","SHA-256"
"logs/debug_gse158_sce_cell_ids.stdout.log",0,"e3b0c44298fc1c149afbf4c8996fb92427ae41e4649b934ca495991b7852b855","SHA-256"
"logs/install_harmony.stderr.log",326,"a2c3bc804c228f3437bb3cb0c2c6e154ca625201394494bbe8d591a02e032681","SHA-256"
"logs/install_harmony.stdout.log",234,"4910cea3e3e806489fdb7a643a0b4740d41be1432edf820beb2223f8f8fab11e","SHA-256"
"logs/install_lisi.stderr.log",379,"466d4e847751020b11b994c0dc7e52fc37a481646b102d869b85f567d31a71d3","SHA-256"
"logs/install_lisi.stdout.log",18,"35050f8b1d439ef5f68c3453bb1daa9af69615edd83f45ff49dda261a5ac2525","SHA-256"
"logs/parse_03_08.log",63058,"a716af0336967da269a2d1154dfbeece6c6c6cc7677f6f20b9dc6e5fd22458ee","SHA-256"
"logs/run_diagnostics_v2_controller.stderr.log",0,"e3b0c44298fc1c149afbf4c8996fb92427ae41e4649b934ca495991b7852b855","SHA-256"
"logs/run_diagnostics_v2_controller.stdout.log",1113,"89867eae03355d230dbdb695fafee8cd8e68a5cc9ee89c842d9e562f93f52610","SHA-256"
"README.md",949,"667f373c738bb4bd8877292ebe7d7c5d794bdf6308e68f825e5908215b37fd12","SHA-256"
"run_summary.json",13172,"4a9747c26509f339cbe3c2430e6251c6517c88ebe99712f3193339e9c817b21d","SHA-256"
"sessionInfo.txt",707,"e5d404e1910e0ed8b8834a23edc15f12c5fb25310e96b3dfe5abe1b388b368a5","SHA-256"
"strategy_comparison/batch_strategy_comparison.csv",16208,"1bde8a07fdedb5e86e691c058c7d1e7c03a1e005fd10643f3ada5f53fbc16476","SHA-256"
"strategy_comparison/batch_strategy_decision_report.md",3390,"92c7d1c53e138141e19940fea0eedb35316e7b41018d1de3321bfa7c7394256f","SHA-256"
"strategy_comparison/cluster_qc_and_metadata_association.csv",34744,"779ee32c690722410aebfab10ac4567d2ee3ea783604f117f5c214c2b2e0b486","SHA-256"
"strategy_comparison/recommended_strategy_by_dataset_and_lineage.csv",2875,"9bdbe79a711ce499b2af7bc441e3e8e6ca5fdb627562253d0586a17005ff4d49","SHA-256"
"strategy_comparison/sessionInfo_05.txt",3002,"b9575f0dc37d29c2ce9171464265b1ca7190cb0f92d14aad2a6bf93838bfd9d7","SHA-256"
"strategy_comparison/sessionInfo_06.txt",710,"12d950996310c25ad2f5dbaf621b6bdf3c8b1680a40960c6d8f19e3752db4312","SHA-256"
"strategy_comparison/strategy_run_status.csv",4817,"b47835d841127d92635dd6ee75afbd5486497152883357abf1e594bc427791e9","SHA-256"
"strategy_comparison/strategy_run_status_GSE154600.csv",1910,"c10c4c3ab52461ae4d19f15b02cfb37b05265643feeddb8442e30c00dd092a53","SHA-256"
"strategy_comparison/strategy_run_status_GSE158722.csv",2951,"efa7b5d19e358d873890e4882d7d766484fce7efc0af560e7528796e78dd5196","SHA-256"
